flight_id,airline,source,destination,departure_time,arrival_time,duration,duration_minutes,route,is_anomaly,invalid_flight_id
UK167,Vistara,DEL,MAA,2026-04-20T22:45:41.703Z,2026-04-21T01:46:41.703Z,1899-12-31 03:01:00.0000000,181,DEL - MAA,false,false
SJ023,SpiceJet,HYD,MAA,2026-04-20T17:27:41.701Z,2026-04-20T19:09:41.701Z,1899-12-31 01:42:00.0000000,102,HYD - MAA,false,false
UK207,Vistara,MAA,CCU,2026-04-20T16:21:41.703Z,2026-04-20T17:36:41.703Z,1899-12-31 01:15:00.0000000,75,MAA - CCU,false,false
SJ088,SpiceJet,CCU,MAA,2026-04-20T13:54:41.702Z,2026-04-20T14:26:41.702Z,1899-12-31 00:32:00.0000000,32,CCU - MAA,false,false
UK134,Vistara,HYD,CCU,2026-04-20T13:44:41.702Z,2026-04-20T17:26:41.702Z,1899-12-31 03:42:00.0000000,222,HYD - CCU,false,false
UK212,Vistara,HYD,MAA,2026-04-20T10:46:41.704Z,2026-04-20T11:31:41.704Z,1899-12-31 00:45:00.0000000,45,HYD - MAA,false,false
6F209,IndiGo,MAA,CCU,2026-04-20T08:40:41.703Z,2026-04-20T13:40:41.703Z,1899-12-31 05:00:00.0000000,300,MAA - CCU,false,false
UK193,Vistara,HYD,DEL,2026-04-20T08:39:41.703Z,2026-04-20T09:14:41.703Z,1899-12-31 00:35:00.0000000,35,HYD - DEL,false,false
6F092,IndiGo,MAA,BLR,2026-04-20T08:39:41.702Z,2026-04-20T09:15:41.702Z,1899-12-31 00:36:00.0000000,36,MAA - BLR,false,false
SJ061,SpiceJet,MAA,BLR,2026-04-20T06:38:41.701Z,2026-04-20T09:35:41.701Z,1899-12-31 02:57:00.0000000,177,MAA - BLR,false,false
AI164,Air India,DEL,BLR,2026-04-20T03:57:41.703Z,2026-04-20T05:45:41.703Z,1899-12-31 01:48:00.0000000,108,DEL - BLR,false,false
6F036,IndiGo,CCU,BLR,2026-04-20T02:14:41.701Z,2026-04-20T06:57:41.701Z,1899-12-31 04:43:00.0000000,283,CCU - BLR,false,false
SJ146,SpiceJet,HYD,BLR,2026-04-19T22:37:41.702Z,2026-04-20T00:33:41.702Z,1899-12-31 01:56:00.0000000,116,HYD - BLR,false,false
SJ163,SpiceJet,DEL,HYD,2026-04-19T18:32:41.703Z,2026-04-19T23:08:41.703Z,1899-12-31 04:36:00.0000000,276,DEL - HYD,false,false
AI122,Air India,BOM,CCU,2026-04-19T18:25:41.702Z,2026-04-19T22:36:41.702Z,1899-12-31 04:11:00.0000000,251,BOM - CCU,false,false
UK105,Vistara,CCU,HYD,2026-04-19T17:04:41.702Z,2026-04-19T18:11:41.702Z,1899-12-31 01:07:00.0000000,67,CCU - HYD,false,false
6F206,IndiGo,DEL,BOM,2026-04-19T16:39:41.703Z,2026-04-19T20:59:41.703Z,1899-12-31 04:20:00.0000000,260,DEL - BOM,false,false
SJ161,SpiceJet,MAA,BLR,2026-04-19T16:22:41.703Z,2026-04-19T17:04:41.703Z,1899-12-31 00:42:00.0000000,42,MAA - BLR,false,false
AI168,Unknown,DEL,CCU,2026-04-19T15:50:41.703Z,2026-04-19T20:20:41.703Z,1899-12-31 04:30:00.0000000,270,DEL - CCU,false,false
UK110,Vistara,HYD,DEL,2026-04-19T15:26:41.702Z,2026-04-19T20:13:41.702Z,1899-12-31 04:47:00.0000000,287,HYD - DEL,false,false
6F020,IndiGo,BOM,HYD,2026-04-19T14:58:41.701Z,2026-04-19T16:43:41.701Z,1899-12-31 01:45:00.0000000,105,BOM - HYD,false,false
AI083,Air India,DEL,BOM,2026-04-19T12:54:41.702Z,2026-04-19T13:37:41.702Z,1899-12-31 00:43:00.0000000,43,DEL - BOM,false,false
6F235,IndiGo,HYD,MAA,2026-04-19T11:06:41.704Z,2026-04-19T13:51:41.704Z,1899-12-31 02:45:00.0000000,165,HYD - MAA,false,false
UK111,Vistara,MAA,BLR,2026-04-19T11:06:41.702Z,2026-04-19T12:20:41.702Z,1899-12-31 01:14:00.0000000,74,MAA - BLR,false,false
6F172,IndiGo,BOM,BLR,2026-04-19T09:53:41.703Z,2026-04-19T14:46:41.703Z,1899-12-31 04:53:00.0000000,293,BOM - BLR,false,false
AI255,Air India,MAA,CCU,2026-04-19T08:45:41.704Z,2026-04-19T13:12:41.704Z,1899-12-31 04:27:00.0000000,267,MAA - CCU,false,false
SJ121,SpiceJet,CCU,DEL,2026-04-19T05:32:41.702Z,2026-04-19T06:47:41.702Z,1899-12-31 01:15:00.0000000,75,CCU - DEL,false,false
UK142,Vistara,BLR,DEL,2026-04-19T03:03:41.703Z,2026-04-19T07:13:41.703Z,1899-12-31 04:10:00.0000000,250,BLR - DEL,false,false
UK097,Vistara,HYD,BOM,2026-04-19T00:49:41.702Z,2026-04-19T05:00:41.702Z,1899-12-31 04:11:00.0000000,251,HYD - BOM,false,false
AI067,Air India,HYD,DEL,2026-04-18T23:36:41.701Z,2026-04-19T03:09:41.701Z,1899-12-31 03:33:00.0000000,213,HYD - DEL,false,false
SJ200,SpiceJet,BOM,DEL,2026-04-18T23:24:41.703Z,2026-04-19T02:11:41.703Z,1899-12-31 02:47:00.0000000,167,BOM - DEL,false,false
6F042,IndiGo,HYD,DEL,2026-04-18T22:35:41.701Z,2026-04-19T02:41:41.701Z,1899-12-31 04:06:00.0000000,246,HYD - DEL,false,false
SJ188,SpiceJet,BLR,BOM,2026-04-18T22:15:41.703Z,2026-04-18T22:55:41.703Z,1899-12-31 00:40:00.0000000,40,BLR - BOM,false,false
6F021,IndiGo,BLR,MAA,2026-04-18T21:23:41.701Z,2026-04-19T01:25:41.701Z,1899-12-31 04:02:00.0000000,242,BLR - MAA,false,false
AI001,Air India,DEL,HYD,2026-04-18T19:00:41.700Z,2026-04-18T22:03:41.700Z,1899-12-31 03:03:00.0000000,183,DEL - HYD,false,false
SJ216,SpiceJet,BOM,CCU,2026-04-18T18:35:41.703Z,2026-04-18T21:31:41.703Z,1899-12-31 02:56:00.0000000,176,BOM - CCU,false,false
SJ071,SpiceJet,CCU,MAA,2026-04-18T17:43:41.701Z,2026-04-18T19:32:41.701Z,1899-12-31 01:49:00.0000000,109,CCU - MAA,false,false
6F157,IndiGo,MAA,CCU,2026-04-18T16:37:41.703Z,2026-04-18T18:04:41.703Z,1899-12-31 01:27:00.0000000,87,MAA - CCU,false,false
SJ132,SpiceJet,MAA,DEL,2026-04-18T14:44:41.702Z,2026-04-18T15:36:41.702Z,1899-12-31 00:52:00.0000000,52,MAA - DEL,false,false
AI092,Air India,CCU,BOM,2026-04-18T13:36:41.702Z,2026-04-18T16:20:41.702Z,1899-12-31 02:44:00.0000000,164,CCU - BOM,false,false
SJ008,SpiceJet,HYD,BLR,2026-04-18T10:53:41.701Z,2026-04-18T15:48:41.701Z,1899-12-31 04:55:00.0000000,295,HYD - BLR,false,false
6F266,Unknown,CCU,MAA,2026-04-18T09:49:41.703Z,2026-04-18T11:17:41.703Z,1899-12-31 01:28:00.0000000,88,CCU - MAA,false,false
6F033,IndiGo,DEL,HYD,2026-04-18T07:08:41.701Z,2026-04-18T09:08:41.701Z,1899-12-31 02:00:00.0000000,120,DEL - HYD,false,false
6F006,IndiGo,BOM,BLR,2026-04-18T03:06:41.701Z,2026-04-18T05:06:42.000Z,1899-12-31 02:00:00.2990000,120,BOM - BLR,false,false
AI006,Air India,BOM,BLR,2026-04-18T03:04:41.701Z,2026-04-18T05:54:41.701Z,1899-12-31 02:50:00.0000000,170,BOM - BLR,false,false
UK054,Vistara,BLR,BOM,2026-04-18T00:37:41.701Z,2026-04-18T05:30:41.701Z,1899-12-31 04:53:00.0000000,293,BLR - BOM,false,false
UK086,Vistara,CCU,BLR,2026-04-17T23:55:41.702Z,2026-04-18T02:27:41.702Z,1899-12-31 02:32:00.0000000,152,CCU - BLR,false,false
6F032,IndiGo,DEL,BOM,2026-04-17T23:43:41.701Z,2026-04-18T02:22:41.701Z,1899-12-31 02:39:00.0000000,159,DEL - BOM,false,false
UK147,Vistara,CCU,DEL,2026-04-17T23:35:41.703Z,2026-04-18T02:55:41.703Z,1899-12-31 03:20:00.0000000,200,CCU - DEL,false,false
AI035,Air India,DEL,MAA,2026-04-17T23:17:41.701Z,2026-04-18T00:48:41.701Z,1899-12-31 01:31:00.0000000,91,DEL - MAA,false,false
6F205,IndiGo,HYD,BOM,2026-04-17T22:16:41.703Z,2026-04-18T00:02:41.703Z,1899-12-31 01:46:00.0000000,106,HYD - BOM,false,false
6F054,IndiGo,HYD,BLR,2026-04-17T22:00:41.701Z,2026-04-18T01:25:41.701Z,1899-12-31 03:25:00.0000000,205,HYD - BLR,false,false
AI021,Air India,DEL,HYD,2026-04-17T21:39:41.701Z,2026-04-18T01:38:41.701Z,1899-12-31 03:59:00.0000000,239,DEL - HYD,false,false
SJ120,SpiceJet,MAA,BLR,2026-04-17T21:19:41.702Z,2026-04-18T00:56:41.702Z,1899-12-31 03:37:00.0000000,217,MAA - BLR,false,false
SJ212,Unknown,MAA,BLR,2026-04-17T19:49:41.703Z,2026-04-17T21:44:41.703Z,1899-12-31 01:55:00.0000000,115,MAA - BLR,false,false
UK049,Vistara,HYD,BOM,2026-04-17T19:47:41.701Z,2026-04-17T20:32:41.701Z,1899-12-31 00:45:00.0000000,45,HYD - BOM,false,false
AI064,Air India,BLR,MAA,2026-04-17T18:24:41.701Z,2026-04-17T20:07:41.701Z,1899-12-31 01:43:00.0000000,103,BLR - MAA,false,false
SJ240,SpiceJet,BOM,HYD,2026-04-17T16:42:41.704Z,2026-04-17T20:21:41.704Z,1899-12-31 03:39:00.0000000,219,BOM - HYD,false,false
SJ184,SpiceJet,CCU,DEL,2026-04-17T16:32:41.703Z,2026-04-17T21:00:41.703Z,1899-12-31 04:28:00.0000000,268,CCU - DEL,false,false
AI087,Air India,MAA,DEL,2026-04-17T16:32:41.702Z,2026-04-17T20:30:41.702Z,1899-12-31 03:58:00.0000000,238,MAA - DEL,false,false
AI210,Air India,BLR,BOM,2026-04-17T16:13:41.703Z,2026-04-17T18:50:41.703Z,1899-12-31 02:37:00.0000000,157,BLR - BOM,false,false
6F162,IndiGo,CCU,BOM,2026-04-17T14:50:41.703Z,2026-04-17T17:44:41.703Z,1899-12-31 02:54:00.0000000,174,CCU - BOM,false,false
6F057,IndiGo,MAA,DEL,2026-04-17T12:32:41.701Z,2026-04-17T15:50:41.701Z,1899-12-31 03:18:00.0000000,198,MAA - DEL,false,false
SJ010,SpiceJet,CCU,MAA,2026-04-20T23:38:41.701Z,2026-04-21T02:32:41.701Z,1899-12-31 02:54:00.0000000,174,CCU - MAA,false,false
UK094,Vistara,BOM,CCU,2026-04-20T23:26:41.702Z,2026-04-21T01:11:41.702Z,1899-12-31 01:45:00.0000000,105,BOM - CCU,false,false
AI058,Air India,BOM,CCU,2026-04-20T22:40:41.701Z,2026-04-21T00:18:41.701Z,1899-12-31 01:38:00.0000000,98,BOM - CCU,false,false
UK003,Unknown,HYD,DEL,2026-04-20T21:41:41.700Z,2026-04-21T02:19:41.700Z,1899-12-31 04:38:00.0000000,278,HYD - DEL,false,false
UK026,Vistara,HYD,MAA,2026-04-20T21:38:41.701Z,2026-04-20T23:44:41.701Z,1899-12-31 02:06:00.0000000,126,HYD - MAA,false,false
SJ214,SpiceJet,BOM,MAA,2026-04-20T20:54:41.703Z,2026-04-20T22:10:41.703Z,1899-12-31 01:16:00.0000000,76,BOM - MAA,false,false
AI179,Air India,HYD,BOM,2026-04-20T20:41:41.703Z,2026-04-21T01:19:41.703Z,1899-12-31 04:38:00.0000000,278,HYD - BOM,false,false
UK059,Vistara,HYD,MAA,2026-04-20T20:33:41.701Z,2026-04-20T22:10:41.701Z,1899-12-31 01:37:00.0000000,97,HYD - MAA,false,false
6F190,IndiGo,DEL,MAA,2026-04-20T20:02:41.703Z,2026-04-21T00:36:41.703Z,1899-12-31 04:34:00.0000000,274,DEL - MAA,false,false
6F028,IndiGo,HYD,CCU,2026-04-20T19:49:41.701Z,2026-04-20T21:49:41.701Z,1899-12-31 02:00:00.0000000,120,HYD - CCU,false,false
UK209,Unknown,MAA,BLR,2026-04-20T19:02:41.704Z,2026-04-20T21:47:41.704Z,1899-12-31 02:45:00.0000000,165,MAA - BLR,false,false
6F017,IndiGo,CCU,BOM,2026-04-20T15:25:41.701Z,2026-04-20T18:06:41.701Z,1899-12-31 02:41:00.0000000,161,CCU - BOM,false,false
SJ196,SpiceJet,DEL,HYD,2026-04-20T14:58:41.703Z,2026-04-20T17:44:41.703Z,1899-12-31 02:46:00.0000000,166,DEL - HYD,false,false
SJ218,SpiceJet,DEL,HYD,2026-04-20T11:58:41.703Z,2026-04-20T15:03:41.703Z,1899-12-31 03:05:00.0000000,185,DEL - HYD,false,false
AI019,Air India,BOM,CCU,2026-04-20T10:49:41.701Z,2026-04-20T11:51:41.701Z,1899-12-31 01:02:00.0000000,62,BOM - CCU,false,false
AI213,Air India,HYD,CCU,2026-04-20T08:03:41.703Z,2026-04-20T09:14:41.703Z,1899-12-31 01:11:00.0000000,71,HYD - CCU,false,false
AI034,Air India,DEL,BOM,2026-04-20T05:48:41.701Z,2026-04-20T10:31:41.701Z,1899-12-31 04:43:00.0000000,283,DEL - BOM,false,false
SJ083,SpiceJet,MAA,BLR,2026-04-20T05:13:41.702Z,2026-04-20T08:17:41.702Z,1899-12-31 03:04:00.0000000,184,MAA - BLR,false,false
6F230,IndiGo,CCU,BLR,2026-04-20T03:34:41.704Z,2026-04-20T06:47:41.704Z,1899-12-31 03:13:00.0000000,193,CCU - BLR,false,false
UK165,Vistara,DEL,BLR,2026-04-20T01:51:41.703Z,2026-04-20T06:04:41.703Z,1899-12-31 04:13:00.0000000,253,DEL - BLR,false,false
UK222,Vistara,BOM,CCU,2026-04-20T01:22:41.704Z,2026-04-20T02:57:41.704Z,1899-12-31 01:35:00.0000000,95,BOM - CCU,false,false
AI226,Unknown,BLR,HYD,2026-04-20T01:19:41.703Z,2026-04-20T04:08:41.703Z,1899-12-31 02:49:00.0000000,169,BLR - HYD,false,false
AI015,Air India,BLR,CCU,2026-04-19T23:21:41.701Z,2026-04-20T01:15:41.701Z,1899-12-31 01:54:00.0000000,114,BLR - CCU,false,false
SJ194,SpiceJet,CCU,DEL,2026-04-19T22:46:41.703Z,2026-04-20T02:31:41.703Z,1899-12-31 03:45:00.0000000,225,CCU - DEL,false,false
6F260,Unknown,CCU,DEL,2026-04-19T21:51:41.702Z,2026-04-20T01:14:41.702Z,1899-12-31 03:23:00.0000000,203,CCU - DEL,false,false
AI108,Air India,BLR,CCU,2026-04-19T21:32:41.702Z,2026-04-20T00:17:41.702Z,1899-12-31 02:45:00.0000000,165,BLR - CCU,false,false
SJ036,SpiceJet,DEL,HYD,2026-04-19T20:24:41.701Z,2026-04-19T23:54:41.701Z,1899-12-31 03:30:00.0000000,210,DEL - HYD,false,false
6F176,IndiGo,CCU,DEL,2026-04-19T20:23:42.000Z,2026-04-19T23:23:42.000Z,1899-12-31 03:00:00.0000000,180,CCU - DEL,false,false
6F148,IndiGo,CCU,BOM,2026-04-19T20:23:41.703Z,2026-04-19T22:30:41.703Z,1899-12-31 02:07:00.0000000,127,CCU - BOM,false,false
SJ208,SpiceJet,DEL,HYD,2026-04-19T18:32:41.703Z,2026-04-19T19:33:41.703Z,1899-12-31 01:01:00.0000000,61,DEL - HYD,false,false
UK061,Vistara,BLR,BOM,2026-04-19T17:58:41.701Z,2026-04-19T19:48:41.701Z,1899-12-31 01:50:00.0000000,110,BLR - BOM,false,false
UK204,Vistara,BLR,DEL,2026-04-19T14:46:41.703Z,2026-04-19T16:24:41.703Z,1899-12-31 01:38:00.0000000,98,BLR - DEL,false,false
AI100,Unknown,CCU,BOM,2026-04-19T14:42:41.702Z,2026-04-19T18:22:41.702Z,1899-12-31 03:40:00.0000000,220,CCU - BOM,false,false
UK179,Vistara,DEL,HYD,2026-04-19T14:25:41.703Z,2026-04-19T19:15:41.703Z,1899-12-31 04:50:00.0000000,290,DEL - HYD,false,false
SJ107,SpiceJet,BOM,MAA,2026-04-19T14:10:41.702Z,2026-04-19T18:38:41.702Z,1899-12-31 04:28:00.0000000,268,BOM - MAA,false,false
SJ027,Unknown,BOM,MAA,2026-04-19T12:50:41.701Z,2026-04-19T17:13:41.701Z,1899-12-31 04:23:00.0000000,263,BOM - MAA,false,false
6F052,IndiGo,BOM,CCU,2026-04-19T09:13:41.701Z,2026-04-19T12:02:41.701Z,1899-12-31 02:49:00.0000000,169,BOM - CCU,false,false
AI028,Air India,HYD,BOM,2026-04-19T07:53:41.701Z,2026-04-19T08:35:41.701Z,1899-12-31 00:42:00.0000000,42,HYD - BOM,false,false
UK095,Vistara,BOM,MAA,2026-04-19T05:22:41.702Z,2026-04-19T07:36:41.702Z,1899-12-31 02:14:00.0000000,134,BOM - MAA,false,false
6F063,IndiGo,DEL,HYD,2026-04-19T04:42:41.701Z,2026-04-19T07:31:41.701Z,1899-12-31 02:49:00.0000000,169,DEL - HYD,false,false
AI020,Unknown,BOM,BLR,2026-04-19T03:53:41.701Z,2026-04-19T06:21:41.701Z,1899-12-31 02:28:00.0000000,148,BOM - BLR,false,false
AI249,Air India,BLR,HYD,2026-04-19T03:38:41.704Z,2026-04-19T06:27:41.704Z,1899-12-31 02:49:00.0000000,169,BLR - HYD,false,false
6F079,IndiGo,MAA,HYD,2026-04-19T02:14:41.702Z,2026-04-19T06:18:41.702Z,1899-12-31 04:04:00.0000000,244,MAA - HYD,false,false
6F214,IndiGo,BOM,CCU,2026-04-19T01:21:41.703Z,2026-04-19T05:20:41.703Z,1899-12-31 03:59:00.0000000,239,BOM - CCU,false,false
SJ072,SpiceJet,DEL,HYD,2026-04-19T01:18:41.701Z,2026-04-19T04:08:41.701Z,1899-12-31 02:50:00.0000000,170,DEL - HYD,false,false
6F117,IndiGo,CCU,DEL,2026-04-19T00:46:41.702Z,2026-04-19T01:51:41.702Z,1899-12-31 01:05:00.0000000,65,CCU - DEL,false,false
UK126,Vistara,CCU,DEL,2026-04-18T22:37:41.702Z,2026-04-19T00:03:41.702Z,1899-12-31 01:26:00.0000000,86,CCU - DEL,false,false
AI169,Air India,CCU,DEL,2026-04-18T21:21:41.703Z,2026-04-19T01:34:41.703Z,1899-12-31 04:13:00.0000000,253,CCU - DEL,false,false
6F023,IndiGo,MAA,BLR,2026-04-18T20:18:41.701Z,2026-04-19T00:14:41.701Z,1899-12-31 03:56:00.0000000,236,MAA - BLR,false,false
UK088,Unknown,MAA,BLR,2026-04-18T19:16:41.702Z,2026-04-18T23:36:41.702Z,1899-12-31 04:20:00.0000000,260,MAA - BLR,false,false
SJ102,SpiceJet,MAA,CCU,2026-04-18T17:26:41.702Z,2026-04-18T18:58:41.702Z,1899-12-31 01:32:00.0000000,92,MAA - CCU,false,false
SJ189,SpiceJet,HYD,BLR,2026-04-18T17:05:41.703Z,2026-04-18T22:01:41.703Z,1899-12-31 04:56:00.0000000,296,HYD - BLR,false,false
6F039,IndiGo,MAA,CCU,2026-04-18T16:43:41.701Z,2026-04-18T21:01:41.701Z,1899-12-31 04:18:00.0000000,258,MAA - CCU,false,false
6F257,Unknown,MAA,CCU,2026-04-18T16:04:41.704Z,2026-04-18T19:55:41.704Z,1899-12-31 03:51:00.0000000,231,MAA - CCU,false,false
SJ135,SpiceJet,MAA,CCU,2026-04-18T16:03:41.702Z,2026-04-18T19:48:41.702Z,1899-12-31 03:45:00.0000000,225,MAA - CCU,false,false
UK057,Vistara,CCU,DEL,2026-04-18T15:25:41.701Z,2026-04-18T20:04:41.701Z,1899-12-31 04:39:00.0000000,279,CCU - DEL,false,false
SJ159,SpiceJet,CCU,DEL,2026-04-18T12:22:41.703Z,2026-04-18T14:05:41.703Z,1899-12-31 01:43:00.0000000,103,CCU - DEL,false,false
UK009,Vistara,BOM,DEL,2026-04-18T11:34:41.701Z,2026-04-18T13:41:41.701Z,1899-12-31 02:07:00.0000000,127,BOM - DEL,false,false
UK139,Unknown,BLR,MAA,2026-04-18T10:54:41.703Z,2026-04-18T14:31:41.703Z,1899-12-31 03:37:00.0000000,217,BLR - MAA,false,false
AI111,Air India,MAA,CCU,2026-04-18T07:40:41.702Z,2026-04-18T10:39:41.702Z,1899-12-31 02:59:00.0000000,179,MAA - CCU,false,false
UK137,Vistara,BOM,MAA,2026-04-18T07:04:41.703Z,2026-04-18T09:14:41.703Z,1899-12-31 02:10:00.0000000,130,BOM - MAA,false,false
SJ101,SpiceJet,CCU,DEL,2026-04-18T05:17:41.702Z,2026-04-18T06:57:41.702Z,1899-12-31 01:40:00.0000000,100,CCU - DEL,false,false
AI089,Air India,CCU,BOM,2026-04-18T04:05:41.702Z,2026-04-18T04:47:41.702Z,1899-12-31 00:42:00.0000000,42,CCU - BOM,false,false
AI054,Air India,HYD,CCU,2026-04-18T03:44:41.701Z,2026-04-18T08:10:41.701Z,1899-12-31 04:26:00.0000000,266,HYD - CCU,false,false
AI195,Air India,CCU,MAA,2026-04-18T02:58:41.703Z,2026-04-18T04:57:41.703Z,1899-12-31 01:59:00.0000000,119,CCU - MAA,false,false
SJ009,SpiceJet,CCU,BLR,2026-04-18T02:48:41.701Z,2026-04-18T04:23:41.701Z,1899-12-31 01:35:00.0000000,95,CCU - BLR,false,false
AI231,Air India,DEL,HYD,2026-04-17T21:52:41.704Z,2026-04-17T23:51:41.704Z,1899-12-31 01:59:00.0000000,119,DEL - HYD,false,false
6F186,IndiGo,HYD,BOM,2026-04-17T21:48:41.703Z,2026-04-18T02:02:41.703Z,1899-12-31 04:14:00.0000000,254,HYD - BOM,false,false
6F223,IndiGo,MAA,BLR,2026-04-17T16:47:41.704Z,2026-04-17T17:21:41.704Z,1899-12-31 00:34:00.0000000,34,MAA - BLR,false,false
6F218,IndiGo,BLR,BOM,2026-04-17T15:16:41.704Z,2026-04-17T19:03:41.704Z,1899-12-31 03:47:00.0000000,227,BLR - BOM,false,false
6F011,IndiGo,MAA,BLR,2026-04-17T15:16:41.701Z,2026-04-17T17:16:42.000Z,1899-12-31 02:00:00.2990000,120,MAA - BLR,false,false
AI184,Air India,BOM,CCU,2026-04-17T15:03:41.703Z,2026-04-17T17:03:42.000Z,1899-12-31 02:00:00.2970000,120,BOM - CCU,false,false
SJ232,SpiceJet,MAA,BLR,2026-04-17T15:02:41.704Z,2026-04-17T19:22:41.704Z,1899-12-31 04:20:00.0000000,260,MAA - BLR,false,false
SJ069,SpiceJet,HYD,BLR,2026-04-17T12:53:41.701Z,2026-04-17T14:17:41.701Z,1899-12-31 01:24:00.0000000,84,HYD - BLR,false,false
AI060,Air India,DEL,HYD,2026-04-20T21:58:41.701Z,2026-04-20T23:51:41.701Z,1899-12-31 01:53:00.0000000,113,DEL - HYD,false,false
UK200,Vistara,CCU,DEL,2026-04-20T20:54:41.703Z,2026-04-20T22:45:41.703Z,1899-12-31 01:51:00.0000000,111,CCU - DEL,false,false
SJ049,SpiceJet,CCU,DEL,2026-04-20T20:26:41.701Z,2026-04-21T00:26:41.701Z,1899-12-31 04:00:00.0000000,240,CCU - DEL,false,false
UK181,Vistara,MAA,DEL,2026-04-20T16:44:41.703Z,2026-04-20T19:26:41.703Z,1899-12-31 02:42:00.0000000,162,MAA - DEL,false,false
SJ068,SpiceJet,BLR,BOM,2026-04-20T16:44:41.701Z,2026-04-20T18:48:41.701Z,1899-12-31 02:04:00.0000000,124,BLR - BOM,false,false
6F188,IndiGo,DEL,HYD,2026-04-20T14:57:41.703Z,2026-04-20T19:39:41.703Z,1899-12-31 04:42:00.0000000,282,DEL - HYD,false,false
AI025,Air India,HYD,DEL,2026-04-20T14:46:41.701Z,2026-04-20T17:11:41.701Z,1899-12-31 02:25:00.0000000,145,HYD - DEL,false,false
6F259,Unknown,BOM,DEL,2026-04-20T14:10:41.703Z,2026-04-20T15:21:41.703Z,1899-12-31 01:11:00.0000000,71,BOM - DEL,false,false
SJ167,SpiceJet,MAA,CCU,2026-04-20T13:18:41.703Z,2026-04-20T14:12:41.703Z,1899-12-31 00:54:00.0000000,54,MAA - CCU,false,false
SJ226,SpiceJet,HYD,BOM,2026-04-20T08:47:41.704Z,2026-04-20T12:54:41.704Z,1899-12-31 04:07:00.0000000,247,HYD - BOM,false,false
UK229,Unknown,HYD,DEL,2026-04-20T07:40:41.704Z,2026-04-20T11:57:41.704Z,1899-12-31 04:17:00.0000000,257,HYD - DEL,false,false
6F133,IndiGo,MAA,BLR,2026-04-20T04:38:41.702Z,2026-04-20T06:25:41.702Z,1899-12-31 01:47:00.0000000,107,MAA - BLR,false,false
AI205,Air India,BLR,BOM,2026-04-20T03:26:41.703Z,2026-04-20T05:14:41.703Z,1899-12-31 01:48:00.0000000,108,BLR - BOM,false,false
SJ098,SpiceJet,HYD,MAA,2026-04-20T03:02:41.702Z,2026-04-20T03:37:41.702Z,1899-12-31 00:35:00.0000000,35,HYD - MAA,false,false
6F156,IndiGo,MAA,BOM,2026-04-20T02:23:41.703Z,2026-04-20T04:57:41.703Z,1899-12-31 02:34:00.0000000,154,MAA - BOM,false,false
6F193,IndiGo,BOM,MAA,2026-04-20T00:34:41.703Z,2026-04-20T02:32:41.703Z,1899-12-31 01:58:00.0000000,118,BOM - MAA,false,false
6F010,IndiGo,DEL,BLR,2026-04-19T23:53:41.701Z,2026-04-20T03:44:41.701Z,1899-12-31 03:51:00.0000000,231,DEL - BLR,false,false
AI235,Air India,BLR,HYD,2026-04-19T22:45:41.704Z,2026-04-20T02:12:41.704Z,1899-12-31 03:27:00.0000000,207,BLR - HYD,false,false
6F075,IndiGo,BOM,CCU,2026-04-19T22:20:41.702Z,2026-04-20T03:02:41.702Z,1899-12-31 04:42:00.0000000,282,BOM - CCU,false,false
UK227,Vistara,BOM,HYD,2026-04-19T21:57:41.704Z,2026-04-20T01:47:41.704Z,1899-12-31 03:50:00.0000000,230,BOM - HYD,false,false
UK159,Vistara,CCU,BLR,2026-04-19T20:45:41.703Z,2026-04-19T23:32:41.703Z,1899-12-31 02:47:00.0000000,167,CCU - BLR,false,false
UK149,Vistara,MAA,DEL,2026-04-19T18:22:41.703Z,2026-04-19T23:08:41.703Z,1899-12-31 04:46:00.0000000,286,MAA - DEL,false,false
SJ109,SpiceJet,BOM,DEL,2026-04-19T17:24:41.702Z,2026-04-19T20:28:41.702Z,1899-12-31 03:04:00.0000000,184,BOM - DEL,false,false
AI224,Air India,DEL,HYD,2026-04-19T16:51:41.703Z,2026-04-19T21:36:41.703Z,1899-12-31 04:45:00.0000000,285,DEL - HYD,false,false
AI206,Air India,CCU,MAA,2026-04-19T16:30:41.703Z,2026-04-19T20:01:41.703Z,1899-12-31 03:31:00.0000000,211,CCU - MAA,false,false
UK023,Vistara,DEL,MAA,2026-04-19T14:15:41.701Z,2026-04-19T19:03:41.701Z,1899-12-31 04:48:00.0000000,288,DEL - MAA,false,false
6F175,IndiGo,MAA,CCU,2026-04-19T13:18:41.703Z,2026-04-19T15:13:41.703Z,1899-12-31 01:55:00.0000000,115,MAA - CCU,false,false
6F013,IndiGo,BOM,CCU,2026-04-19T13:15:41.701Z,2026-04-19T18:05:41.701Z,1899-12-31 04:50:00.0000000,290,BOM - CCU,false,false
6F135,IndiGo,MAA,HYD,2026-04-19T12:59:41.702Z,2026-04-19T13:45:41.702Z,1899-12-31 00:46:00.0000000,46,MAA - HYD,false,false
UK102,Vistara,HYD,CCU,2026-04-19T11:58:41.702Z,2026-04-19T14:01:41.702Z,1899-12-31 02:03:00.0000000,123,HYD - CCU,false,false
SJ201,SpiceJet,BLR,DEL,2026-04-19T09:10:41.703Z,2026-04-19T11:12:41.703Z,1899-12-31 02:02:00.0000000,122,BLR - DEL,false,false
UK099,Vistara,BOM,MAA,2026-04-19T06:16:41.702Z,2026-04-19T10:24:41.702Z,1899-12-31 04:08:00.0000000,248,BOM - MAA,false,false
SJ136,SpiceJet,HYD,BLR,2026-04-19T05:45:41.702Z,2026-04-19T08:04:41.702Z,1899-12-31 02:19:00.0000000,139,HYD - BLR,false,false
6F104,IndiGo,CCU,BOM,2026-04-19T05:39:41.702Z,2026-04-19T06:14:41.702Z,1899-12-31 00:35:00.0000000,35,CCU - BOM,false,false
AI046,Unknown,DEL,BOM,2026-04-19T05:09:41.701Z,2026-04-19T08:00:41.701Z,1899-12-31 02:51:00.0000000,171,DEL - BOM,false,false
AI176,Air India,BLR,DEL,2026-04-19T04:20:41.703Z,2026-04-19T06:25:41.703Z,1899-12-31 02:05:00.0000000,125,BLR - DEL,false,false
SJ143,SpiceJet,DEL,BOM,2026-04-19T02:55:41.702Z,2026-04-19T03:52:41.702Z,1899-12-31 00:57:00.0000000,57,DEL - BOM,false,false
6F182,IndiGo,BOM,CCU,2026-04-19T02:10:41.703Z,2026-04-19T04:18:41.703Z,1899-12-31 02:08:00.0000000,128,BOM - CCU,false,false
6F015,IndiGo,BOM,CCU,2026-04-18T23:39:41.701Z,2026-04-19T02:27:41.701Z,1899-12-31 02:48:00.0000000,168,BOM - CCU,false,false
AI211,Air India,DEL,CCU,2026-04-18T23:34:41.703Z,2026-04-19T01:21:41.703Z,1899-12-31 01:47:00.0000000,107,DEL - CCU,false,false
SJ209,SpiceJet,BLR,BOM,2026-04-18T22:22:41.703Z,2026-04-19T02:03:41.703Z,1899-12-31 03:41:00.0000000,221,BLR - BOM,false,false
UK096,Vistara,BLR,HYD,2026-04-18T22:11:41.702Z,2026-04-19T00:06:41.702Z,1899-12-31 01:55:00.0000000,115,BLR - HYD,false,false
AI133,Air India,DEL,CCU,2026-04-18T19:12:41.702Z,2026-04-18T21:32:41.702Z,1899-12-31 02:20:00.0000000,140,DEL - CCU,false,false
SJ183,SpiceJet,CCU,DEL,2026-04-18T17:44:41.703Z,2026-04-18T19:40:41.703Z,1899-12-31 01:56:00.0000000,116,CCU - DEL,false,false
AI055,Air India,CCU,BOM,2026-04-18T14:39:41.701Z,2026-04-18T16:18:41.701Z,1899-12-31 01:39:00.0000000,99,CCU - BOM,false,false
AI090,Air India,MAA,CCU,2026-04-18T13:37:41.702Z,2026-04-18T16:11:41.702Z,1899-12-31 02:34:00.0000000,154,MAA - CCU,false,false
UK050,Vistara,BOM,DEL,2026-04-18T12:39:41.701Z,2026-04-18T13:18:41.701Z,1899-12-31 00:39:00.0000000,39,BOM - DEL,false,false
AI185,Air India,CCU,BOM,2026-04-18T12:16:41.703Z,2026-04-18T16:18:41.703Z,1899-12-31 04:02:00.0000000,242,CCU - BOM,false,false
6F144,IndiGo,HYD,BOM,2026-04-18T11:56:41.702Z,2026-04-18T15:11:41.702Z,1899-12-31 03:15:00.0000000,195,HYD - BOM,false,false
AI171,Air India,MAA,BLR,2026-04-18T10:51:41.703Z,2026-04-18T13:34:41.703Z,1899-12-31 02:43:00.0000000,163,MAA - BLR,false,false
UK151,Unknown,BOM,CCU,2026-04-18T10:11:41.703Z,2026-04-18T13:30:41.703Z,1899-12-31 03:19:00.0000000,199,BOM - CCU,false,false
SJ065,SpiceJet,MAA,BLR,2026-04-18T04:10:41.701Z,2026-04-18T06:54:41.701Z,1899-12-31 02:44:00.0000000,164,MAA - BLR,false,false
UK226,Vistara,MAA,HYD,2026-04-18T03:58:41.704Z,2026-04-18T05:01:41.704Z,1899-12-31 01:03:00.0000000,63,MAA - HYD,false,false
6F101,IndiGo,BOM,MAA,2026-04-18T03:18:41.702Z,2026-04-18T08:15:41.702Z,1899-12-31 04:57:00.0000000,297,BOM - MAA,false,false
6F159,IndiGo,CCU,BOM,2026-04-18T02:08:41.703Z,2026-04-18T02:43:41.703Z,1899-12-31 00:35:00.0000000,35,CCU - BOM,false,false
6F106,IndiGo,BOM,CCU,2026-04-18T00:10:41.702Z,2026-04-18T01:52:41.702Z,1899-12-31 01:42:00.0000000,102,BOM - CCU,false,false
AI157,Air India,BLR,CCU,2026-04-17T22:45:41.703Z,2026-04-18T01:33:41.703Z,1899-12-31 02:48:00.0000000,168,BLR - CCU,false,false
SJ031,SpiceJet,DEL,BOM,2026-04-17T21:20:41.701Z,2026-04-17T22:29:41.701Z,1899-12-31 01:09:00.0000000,69,DEL - BOM,false,false
AI142,Air India,BOM,DEL,2026-04-17T20:49:41.702Z,2026-04-17T23:03:41.702Z,1899-12-31 02:14:00.0000000,134,BOM - DEL,false,false
UK091,Vistara,CCU,BOM,2026-04-17T13:37:41.702Z,2026-04-17T17:31:41.702Z,1899-12-31 03:54:00.0000000,234,CCU - BOM,false,false
SJ019,SpiceJet,BLR,DEL,2026-04-17T13:07:41.701Z,2026-04-17T15:56:41.701Z,1899-12-31 02:49:00.0000000,169,BLR - DEL,false,false
AI080,Air India,BOM,HYD,2026-04-20T23:03:41.702Z,2026-04-21T00:35:41.702Z,1899-12-31 01:32:00.0000000,92,BOM - HYD,false,false
SJ239,SpiceJet,BOM,CCU,2026-04-20T22:24:41.704Z,2026-04-21T00:10:41.704Z,1899-12-31 01:46:00.0000000,106,BOM - CCU,false,false
SJ172,SpiceJet,CCU,DEL,2026-04-20T21:58:41.703Z,2026-04-21T01:14:41.703Z,1899-12-31 03:16:00.0000000,196,CCU - DEL,false,false
6F174,IndiGo,DEL,HYD,2026-04-20T21:36:41.703Z,2026-04-20T22:16:41.703Z,1899-12-31 00:40:00.0000000,40,DEL - HYD,false,false
UK004,Vistara,BOM,CCU,2026-04-20T17:56:41.700Z,2026-04-20T18:30:41.700Z,1899-12-31 00:34:00.0000000,34,BOM - CCU,false,false
UK074,Vistara,BOM,DEL,2026-04-20T16:44:41.702Z,2026-04-20T18:41:41.702Z,1899-12-31 01:57:00.0000000,117,BOM - DEL,false,false
UK109,Vistara,BLR,BOM,2026-04-20T16:06:41.702Z,2026-04-20T17:06:42.000Z,1899-12-31 01:00:00.2980000,60,BLR - BOM,false,false
UK089,Vistara,BOM,HYD,2026-04-20T15:38:41.702Z,2026-04-20T19:50:41.702Z,1899-12-31 04:12:00.0000000,252,BOM - HYD,false,false
6F123,IndiGo,DEL,HYD,2026-04-20T15:26:41.702Z,2026-04-20T17:12:41.702Z,1899-12-31 01:46:00.0000000,106,DEL - HYD,false,false
6F245,IndiGo,CCU,BOM,2026-04-20T15:25:41.701Z,2026-04-20T18:06:41.701Z,1899-12-31 02:41:00.0000000,161,CCU - BOM,false,false
6F181,IndiGo,BOM,MAA,2026-04-20T14:55:41.703Z,2026-04-20T16:43:41.703Z,1899-12-31 01:48:00.0000000,108,BOM - MAA,false,false
SJ085,SpiceJet,BLR,MAA,2026-04-20T14:41:41.702Z,2026-04-20T19:11:41.702Z,1899-12-31 04:30:00.0000000,270,BLR - MAA,false,false
AI030,Air India,CCU,HYD,2026-04-20T13:33:41.701Z,2026-04-20T16:52:41.701Z,1899-12-31 03:19:00.0000000,199,CCU - HYD,false,false
6F068,IndiGo,BLR,HYD,2026-04-20T11:17:41.701Z,2026-04-20T15:06:41.701Z,1899-12-31 03:49:00.0000000,229,BLR - HYD,false,false
AI146,Air India,BLR,DEL,2026-04-20T10:40:41.702Z,2026-04-20T13:46:41.702Z,1899-12-31 03:06:00.0000000,186,BLR - DEL,false,false
6F232,IndiGo,MAA,BLR,2026-04-20T10:39:41.704Z,2026-04-20T12:22:41.704Z,1899-12-31 01:43:00.0000000,103,MAA - BLR,false,false
UK087,Vistara,HYD,MAA,2026-04-20T09:49:41.702Z,2026-04-20T13:17:41.702Z,1899-12-31 03:28:00.0000000,208,HYD - MAA,false,false
AI088,Unknown,MAA,DEL,2026-04-20T06:34:41.702Z,2026-04-20T10:10:41.702Z,1899-12-31 03:36:00.0000000,216,MAA - DEL,false,false
AI158,Air India,CCU,DEL,2026-04-20T06:04:41.703Z,2026-04-20T09:01:41.703Z,1899-12-31 02:57:00.0000000,177,CCU - DEL,false,false
UK015,Vistara,BLR,BOM,2026-04-20T04:46:41.701Z,2026-04-20T06:33:41.701Z,1899-12-31 01:47:00.0000000,107,BLR - BOM,false,false
6F169,IndiGo,BOM,DEL,2026-04-20T03:27:41.703Z,2026-04-20T08:06:41.703Z,1899-12-31 04:39:00.0000000,279,BOM - DEL,false,false
SJ097,SpiceJet,BOM,CCU,2026-04-20T02:37:41.702Z,2026-04-20T05:27:41.702Z,1899-12-31 02:50:00.0000000,170,BOM - CCU,false,false
6F177,IndiGo,HYD,MAA,2026-04-20T02:03:41.703Z,2026-04-20T04:25:41.703Z,1899-12-31 02:22:00.0000000,142,HYD - MAA,false,false
6F058,IndiGo,BOM,CCU,2026-04-20T01:04:41.701Z,2026-04-20T03:33:41.701Z,1899-12-31 02:29:00.0000000,149,BOM - CCU,false,false
6F246,IndiGo,HYD,DEL,2026-04-19T21:00:41.702Z,2026-04-19T23:16:41.702Z,1899-12-31 02:16:00.0000000,136,HYD - DEL,false,false
6F202,IndiGo,HYD,BLR,2026-04-19T20:18:41.703Z,2026-04-19T23:48:41.703Z,1899-12-31 03:30:00.0000000,210,HYD - BLR,false,false
AI105,Air India,CCU,DEL,2026-04-19T20:16:41.702Z,2026-04-19T22:03:41.702Z,1899-12-31 01:47:00.0000000,107,CCU - DEL,false,false
SJ221,SpiceJet,MAA,HYD,2026-04-19T18:31:41.703Z,2026-04-19T23:17:41.703Z,1899-12-31 04:46:00.0000000,286,MAA - HYD,false,false
AI173,Air India,HYD,DEL,2026-04-19T17:36:41.703Z,2026-04-19T22:27:41.703Z,1899-12-31 04:51:00.0000000,291,HYD - DEL,false,false
SJ215,SpiceJet,CCU,DEL,2026-04-19T14:37:41.703Z,2026-04-19T16:12:41.703Z,1899-12-31 01:35:00.0000000,95,CCU - DEL,false,false
SJ173,SpiceJet,CCU,HYD,2026-04-19T14:27:41.703Z,2026-04-19T16:09:41.703Z,1899-12-31 01:42:00.0000000,102,CCU - HYD,false,false
SJ016,SpiceJet,HYD,CCU,2026-04-19T13:01:41.701Z,2026-04-19T16:26:41.701Z,1899-12-31 03:25:00.0000000,205,HYD - CCU,false,false
SJ175,SpiceJet,MAA,BLR,2026-04-19T12:46:41.703Z,2026-04-19T16:50:41.703Z,1899-12-31 04:04:00.0000000,244,MAA - BLR,false,false
SJ039,SpiceJet,MAA,BOM,2026-04-19T08:41:41.701Z,2026-04-19T12:08:41.701Z,1899-12-31 03:27:00.0000000,207,MAA - BOM,false,false
SJ021,SpiceJet,HYD,BLR,2026-04-19T05:48:41.701Z,2026-04-19T09:46:41.701Z,1899-12-31 03:58:00.0000000,238,HYD - BLR,false,false
UK174,Vistara,CCU,DEL,2026-04-19T05:27:41.703Z,2026-04-19T07:47:41.703Z,1899-12-31 02:20:00.0000000,140,CCU - DEL,false,false
AI002,Air India,HYD,BLR,2026-04-19T05:12:41.700Z,2026-04-19T07:12:41.700Z,1899-12-31 02:00:00.0000000,120,HYD - BLR,false,false
UK168,Vistara,BLR,CCU,2026-04-19T03:20:41.703Z,2026-04-19T04:09:41.703Z,1899-12-31 00:49:00.0000000,49,BLR - CCU,false,false
AI022,Air India,BOM,MAA,2026-04-19T03:15:41.701Z,2026-04-19T05:10:41.701Z,1899-12-31 01:55:00.0000000,115,BOM - MAA,false,false
AI134,Air India,HYD,BOM,2026-04-19T00:28:41.702Z,2026-04-19T04:23:41.702Z,1899-12-31 03:55:00.0000000,235,HYD - BOM,false,false
UK075,Vistara,MAA,CCU,2026-04-18T23:15:41.702Z,2026-04-19T03:54:41.702Z,1899-12-31 04:39:00.0000000,279,MAA - CCU,false,false
UK035,Vistara,HYD,BOM,2026-04-18T21:08:41.701Z,2026-04-18T22:24:41.701Z,1899-12-31 01:16:00.0000000,76,HYD - BOM,false,false
AI136,Air India,BLR,DEL,2026-04-18T20:29:41.702Z,2026-04-18T23:48:41.702Z,1899-12-31 03:19:00.0000000,199,BLR - DEL,false,false
AI238,Air India,CCU,MAA,2026-04-18T19:25:41.704Z,2026-04-19T00:07:41.704Z,1899-12-31 04:42:00.0000000,282,CCU - MAA,false,false
SJ133,SpiceJet,BOM,CCU,2026-04-18T18:50:41.702Z,2026-04-18T21:29:41.702Z,1899-12-31 02:39:00.0000000,159,BOM - CCU,false,false
SJ225,Unknown,DEL,HYD,2026-04-18T18:16:41.704Z,2026-04-18T20:53:41.704Z,1899-12-31 02:37:00.0000000,157,DEL - HYD,false,false
AI253,Air India,BLR,BOM,2026-04-18T16:13:41.704Z,2026-04-18T19:51:41.704Z,1899-12-31 03:38:00.0000000,218,BLR - BOM,false,false
AI109,Air India,BLR,BOM,2026-04-18T15:53:41.702Z,2026-04-18T20:14:41.702Z,1899-12-31 04:21:00.0000000,261,BLR - BOM,false,false
AI201,Air India,BLR,CCU,2026-04-18T15:19:41.703Z,2026-04-18T16:40:41.703Z,1899-12-31 01:21:00.0000000,81,BLR - CCU,false,false
UK117,Vistara,BLR,BOM,2026-04-18T13:17:41.702Z,2026-04-18T16:54:41.702Z,1899-12-31 03:37:00.0000000,217,BLR - BOM,false,false
6F203,IndiGo,BLR,HYD,2026-04-18T11:05:41.703Z,2026-04-18T12:56:41.703Z,1899-12-31 01:51:00.0000000,111,BLR - HYD,false,false
UK197,Vistara,BLR,HYD,2026-04-18T09:22:41.703Z,2026-04-18T10:54:41.703Z,1899-12-31 01:32:00.0000000,92,BLR - HYD,false,false
6F225,IndiGo,HYD,CCU,2026-04-18T07:33:41.704Z,2026-04-18T12:12:41.704Z,1899-12-31 04:39:00.0000000,279,HYD - CCU,false,false
SJ156,SpiceJet,BOM,DEL,2026-04-18T06:59:41.703Z,2026-04-18T07:34:41.703Z,1899-12-31 00:35:00.0000000,35,BOM - DEL,false,false
6F102,IndiGo,HYD,MAA,2026-04-18T01:10:41.702Z,2026-04-18T02:24:41.702Z,1899-12-31 01:14:00.0000000,74,HYD - MAA,false,false
6F096,IndiGo,MAA,BLR,2026-04-17T22:45:41.702Z,2026-04-18T02:58:41.702Z,1899-12-31 04:13:00.0000000,253,MAA - BLR,false,false
SJ157,SpiceJet,DEL,HYD,2026-04-17T22:11:41.703Z,2026-04-18T01:05:41.703Z,1899-12-31 02:54:00.0000000,174,DEL - HYD,false,false
6F216,IndiGo,BLR,DEL,2026-04-17T21:58:41.704Z,2026-04-18T02:51:41.704Z,1899-12-31 04:53:00.0000000,293,BLR - DEL,false,false
6F241,IndiGo,DEL,HYD,2026-04-17T18:27:41.704Z,2026-04-17T19:02:41.704Z,1899-12-31 00:35:00.0000000,35,DEL - HYD,false,false
6F093,IndiGo,CCU,DEL,2026-04-17T16:09:41.702Z,2026-04-17T20:00:41.702Z,1899-12-31 03:51:00.0000000,231,CCU - DEL,false,false
UK090,Vistara,HYD,MAA,2026-04-17T14:44:41.702Z,2026-04-17T17:24:41.702Z,1899-12-31 02:40:00.0000000,160,HYD - MAA,false,false
SJ244,SpiceJet,BLR,DEL,2026-04-17T13:51:41.704Z,2026-04-17T15:39:41.704Z,1899-12-31 01:48:00.0000000,108,BLR - DEL,false,false
UK195,Vistara,HYD,BOM,2026-04-17T13:35:41.703Z,2026-04-17T16:35:41.703Z,1899-12-31 03:00:00.0000000,180,HYD - BOM,false,false
UK107,Vistara,HYD,BOM,2026-04-17T13:09:41.702Z,2026-04-17T14:25:41.702Z,1899-12-31 01:16:00.0000000,76,HYD - BOM,false,false
6F099,IndiGo,MAA,DEL,2026-04-20T22:24:41.702Z,2026-04-20T22:59:41.702Z,1899-12-31 00:35:00.0000000,35,MAA - DEL,false,false
SJ153,SpiceJet,DEL,CCU,2026-04-20T20:37:41.702Z,2026-04-20T22:00:41.702Z,1899-12-31 01:23:00.0000000,83,DEL - CCU,false,false
SJ237,SpiceJet,BOM,CCU,2026-04-20T16:32:41.704Z,2026-04-20T19:00:41.704Z,1899-12-31 02:28:00.0000000,148,BOM - CCU,false,false
SJ034,SpiceJet,MAA,BOM,2026-04-20T15:20:41.701Z,2026-04-20T20:11:41.701Z,1899-12-31 04:51:00.0000000,291,MAA - BOM,false,false
SJ185,SpiceJet,BOM,CCU,2026-04-20T14:21:41.703Z,2026-04-20T15:21:41.703Z,1899-12-31 01:00:00.0000000,60,BOM - CCU,false,false
AI178,Air India,CCU,BLR,2026-04-20T13:04:41.703Z,2026-04-20T14:03:41.703Z,1899-12-31 00:59:00.0000000,59,CCU - BLR,false,false
AI038,Air India,HYD,MAA,2026-04-20T11:05:41.701Z,2026-04-20T15:44:41.701Z,1899-12-31 04:39:00.0000000,279,HYD - MAA,false,false
UK071,Vistara,DEL,HYD,2026-04-20T10:50:41.701Z,2026-04-20T14:06:41.701Z,1899-12-31 03:16:00.0000000,196,DEL - HYD,false,false
AI129,Air India,BOM,CCU,2026-04-20T10:29:41.702Z,2026-04-20T13:38:41.702Z,1899-12-31 03:09:00.0000000,189,BOM - CCU,false,false
AI159,Air India,HYD,BLR,2026-04-20T09:23:41.703Z,2026-04-20T11:36:41.703Z,1899-12-31 02:13:00.0000000,133,HYD - BLR,false,false
AI059,Air India,CCU,DEL,2026-04-20T09:16:41.701Z,2026-04-20T11:43:41.701Z,1899-12-31 02:27:00.0000000,147,CCU - DEL,false,false
AI044,Unknown,MAA,BLR,2026-04-20T09:03:41.701Z,2026-04-20T12:36:41.701Z,1899-12-31 03:33:00.0000000,213,MAA - BLR,false,false
AI175,Air India,BOM,HYD,2026-04-20T03:08:41.703Z,2026-04-20T06:55:41.703Z,1899-12-31 03:47:00.0000000,227,BOM - HYD,false,false
6F250,Unknown,CCU,BLR,2026-04-20T02:23:41.702Z,2026-04-20T02:56:41.702Z,1899-12-31 00:33:00.0000000,33,CCU - BLR,false,false
SJ057,SpiceJet,BOM,CCU,2026-04-20T02:17:41.701Z,2026-04-20T05:29:41.701Z,1899-12-31 03:12:00.0000000,192,BOM - CCU,false,false
SJ076,SpiceJet,DEL,MAA,2026-04-19T23:01:41.701Z,2026-04-20T02:02:41.701Z,1899-12-31 03:01:00.0000000,181,DEL - MAA,false,false
UK219,Vistara,BOM,HYD,2026-04-19T22:03:41.704Z,2026-04-20T02:21:41.704Z,1899-12-31 04:18:00.0000000,258,BOM - HYD,false,false
AI096,Air India,CCU,DEL,2026-04-19T21:48:41.702Z,2026-04-20T02:46:41.702Z,1899-12-31 04:58:00.0000000,298,CCU - DEL,false,false
UK044,Vistara,BLR,BOM,2026-04-19T20:31:41.701Z,2026-04-19T23:29:41.701Z,1899-12-31 02:58:00.0000000,178,BLR - BOM,false,false
SJ130,SpiceJet,BOM,DEL,2026-04-19T16:53:41.702Z,2026-04-19T20:53:41.702Z,1899-12-31 04:00:00.0000000,240,BOM - DEL,false,false
SJ182,SpiceJet,CCU,BOM,2026-04-19T16:48:41.703Z,2026-04-19T17:36:41.703Z,1899-12-31 00:48:00.0000000,48,CCU - BOM,false,false
AI161,Air India,CCU,BOM,2026-04-19T16:40:41.703Z,2026-04-19T19:40:41.703Z,1899-12-31 03:00:00.0000000,180,CCU - BOM,false,false
SJ187,SpiceJet,MAA,BLR,2026-04-19T14:07:41.703Z,2026-04-19T17:30:41.703Z,1899-12-31 03:23:00.0000000,203,MAA - BLR,false,false
AI190,Air India,BOM,CCU,2026-04-19T12:38:41.703Z,2026-04-19T15:56:41.703Z,1899-12-31 03:18:00.0000000,198,BOM - CCU,false,false
UK115,Vistara,BLR,BOM,2026-04-19T11:20:41.702Z,2026-04-19T13:20:42.000Z,1899-12-31 02:00:00.2980000,120,BLR - BOM,false,false
UK163,Vistara,DEL,HYD,2026-04-19T07:22:41.703Z,2026-04-19T09:04:41.703Z,1899-12-31 01:42:00.0000000,102,DEL - HYD,false,false
SJ064,SpiceJet,CCU,DEL,2026-04-19T06:29:41.701Z,2026-04-19T08:43:41.701Z,1899-12-31 02:14:00.0000000,134,CCU - DEL,false,false
6F212,IndiGo,BLR,CCU,2026-04-19T06:10:41.703Z,2026-04-19T10:52:41.703Z,1899-12-31 04:42:00.0000000,282,BLR - CCU,false,false
SJ053,SpiceJet,CCU,DEL,2026-04-19T05:00:41.701Z,2026-04-19T06:38:41.701Z,1899-12-31 01:38:00.0000000,98,CCU - DEL,false,false
UK070,Vistara,BOM,DEL,2026-04-19T04:36:41.701Z,2026-04-19T06:49:41.701Z,1899-12-31 02:13:00.0000000,133,BOM - DEL,false,false
UK031,Vistara,CCU,DEL,2026-04-19T03:45:41.701Z,2026-04-19T07:20:41.701Z,1899-12-31 03:35:00.0000000,215,CCU - DEL,false,false
UK046,Vistara,CCU,DEL,2026-04-19T03:37:41.701Z,2026-04-19T06:05:41.701Z,1899-12-31 02:28:00.0000000,148,CCU - DEL,false,false
AI243,Unknown,BLR,BOM,2026-04-19T02:50:41.704Z,2026-04-19T05:09:41.704Z,1899-12-31 02:19:00.0000000,139,BLR - BOM,false,false
UK157,Vistara,CCU,BOM,2026-04-19T02:41:41.703Z,2026-04-19T03:41:42.000Z,1899-12-31 01:00:00.2970000,60,CCU - BOM,false,false
6F262,Unknown,MAA,DEL,2026-04-19T01:44:41.702Z,2026-04-19T02:47:41.702Z,1899-12-31 01:03:00.0000000,63,MAA - DEL,false,false
UK119,Vistara,BOM,CCU,2026-04-19T00:21:41.702Z,2026-04-19T04:38:41.702Z,1899-12-31 04:17:00.0000000,257,BOM - CCU,false,false
AI070,Air India,CCU,DEL,2026-04-19T00:05:41.702Z,2026-04-19T01:44:41.702Z,1899-12-31 01:39:00.0000000,99,CCU - DEL,false,false
6F171,IndiGo,DEL,BLR,2026-04-18T17:03:41.703Z,2026-04-18T18:12:41.703Z,1899-12-31 01:09:00.0000000,69,DEL - BLR,false,false
AI197,Air India,BOM,CCU,2026-04-18T16:25:41.703Z,2026-04-18T20:00:41.703Z,1899-12-31 03:35:00.0000000,215,BOM - CCU,false,false
AI247,Air India,BOM,CCU,2026-04-18T15:58:41.704Z,2026-04-18T19:02:41.704Z,1899-12-31 03:04:00.0000000,184,BOM - CCU,false,false
AI057,Air India,BOM,CCU,2026-04-18T15:53:41.701Z,2026-04-18T19:22:41.701Z,1899-12-31 03:29:00.0000000,209,BOM - CCU,false,false
AI183,Air India,DEL,CCU,2026-04-18T14:24:41.703Z,2026-04-18T16:06:41.703Z,1899-12-31 01:42:00.0000000,102,DEL - CCU,false,false
SJ087,SpiceJet,BOM,DEL,2026-04-18T14:20:41.702Z,2026-04-18T19:09:41.702Z,1899-12-31 04:49:00.0000000,289,BOM - DEL,false,false
SJ111,SpiceJet,DEL,MAA,2026-04-18T11:47:41.702Z,2026-04-18T12:59:41.702Z,1899-12-31 01:12:00.0000000,72,DEL - MAA,false,false
UK128,Vistara,BOM,CCU,2026-04-18T11:22:41.702Z,2026-04-18T14:11:41.702Z,1899-12-31 02:49:00.0000000,169,BOM - CCU,false,false
6F165,IndiGo,BLR,BOM,2026-04-18T10:11:41.703Z,2026-04-18T11:09:41.703Z,1899-12-31 00:58:00.0000000,58,BLR - BOM,false,false
UK161,Vistara,BLR,BOM,2026-04-18T10:05:41.703Z,2026-04-18T12:48:41.703Z,1899-12-31 02:43:00.0000000,163,BLR - BOM,false,false
UK121,Vistara,BLR,BOM,2026-04-18T08:36:41.702Z,2026-04-18T12:36:41.702Z,1899-12-31 04:00:00.0000000,240,BLR - BOM,false,false
UK125,Vistara,HYD,BOM,2026-04-18T06:58:41.702Z,2026-04-18T11:44:41.702Z,1899-12-31 04:46:00.0000000,286,HYD - BOM,false,false
SJ230,SpiceJet,BOM,CCU,2026-04-18T06:22:41.704Z,2026-04-18T10:57:41.704Z,1899-12-31 04:35:00.0000000,275,BOM - CCU,false,false
SJ056,SpiceJet,HYD,DEL,2026-04-18T06:11:41.701Z,2026-04-18T07:10:41.701Z,1899-12-31 00:59:00.0000000,59,HYD - DEL,false,false
SJ137,SpiceJet,CCU,DEL,2026-04-18T06:08:41.702Z,2026-04-18T10:14:41.702Z,1899-12-31 04:06:00.0000000,246,CCU - DEL,false,false
SJ176,SpiceJet,DEL,BOM,2026-04-18T04:15:41.703Z,2026-04-18T06:17:41.703Z,1899-12-31 02:02:00.0000000,122,DEL - BOM,false,false
UK072,Vistara,BOM,BLR,2026-04-18T02:55:41.702Z,2026-04-18T05:55:42.000Z,1899-12-31 03:00:00.2980000,180,BOM - BLR,false,false
UK039,Vistara,HYD,BOM,2026-04-18T01:40:41.701Z,2026-04-18T02:53:41.701Z,1899-12-31 01:13:00.0000000,73,HYD - BOM,false,false
AI125,Unknown,CCU,DEL,2026-04-18T01:12:41.702Z,2026-04-18T04:51:41.702Z,1899-12-31 03:39:00.0000000,219,CCU - DEL,false,false
UK078,Vistara,BOM,HYD,2026-04-18T01:03:41.702Z,2026-04-18T04:32:41.702Z,1899-12-31 03:29:00.0000000,209,BOM - HYD,false,false
6F008,IndiGo,DEL,BOM,2026-04-18T00:14:41.701Z,2026-04-18T04:59:41.701Z,1899-12-31 04:45:00.0000000,285,DEL - BOM,false,false
AI065,Unknown,MAA,BLR,2026-04-18T00:09:41.701Z,2026-04-18T05:00:41.701Z,1899-12-31 04:51:00.0000000,291,MAA - BLR,false,false
6F108,IndiGo,DEL,HYD,2026-04-17T23:41:41.702Z,2026-04-18T03:23:41.702Z,1899-12-31 03:42:00.0000000,222,DEL - HYD,false,false
AI113,Air India,CCU,HYD,2026-04-17T21:21:41.702Z,2026-04-17T23:51:41.702Z,1899-12-31 02:30:00.0000000,150,CCU - HYD,false,false
6F242,IndiGo,BLR,MAA,2026-04-17T21:10:41.704Z,2026-04-18T01:04:41.704Z,1899-12-31 03:54:00.0000000,234,BLR - MAA,false,false
SJ037,SpiceJet,BLR,BOM,2026-04-17T19:14:41.701Z,2026-04-17T22:31:41.701Z,1899-12-31 03:17:00.0000000,197,BLR - BOM,false,false
SJ077,SpiceJet,BLR,MAA,2026-04-17T17:32:41.701Z,2026-04-17T19:40:41.701Z,1899-12-31 02:08:00.0000000,128,BLR - MAA,false,false
6F116,IndiGo,MAA,CCU,2026-04-17T16:43:41.702Z,2026-04-17T19:02:41.702Z,1899-12-31 02:19:00.0000000,139,MAA - CCU,false,false
AI212,Air India,DEL,CCU,2026-04-17T15:31:41.703Z,2026-04-17T20:13:41.703Z,1899-12-31 04:42:00.0000000,282,DEL - CCU,false,false
AI154,Air India,HYD,MAA,2026-04-17T15:25:41.703Z,2026-04-17T19:16:41.703Z,1899-12-31 03:51:00.0000000,231,HYD - MAA,false,false
6F204,IndiGo,DEL,CCU,2026-04-17T13:23:41.703Z,2026-04-17T16:04:41.703Z,1899-12-31 02:41:00.0000000,161,DEL - CCU,false,false
AI119,Air India,MAA,BLR,2026-04-17T13:15:41.702Z,2026-04-17T15:57:41.702Z,1899-12-31 02:42:00.0000000,162,MAA - BLR,false,false
UK027,Vistara,BOM,CCU,2026-04-20T22:44:41.701Z,2026-04-21T01:05:41.701Z,1899-12-31 02:21:00.0000000,141,BOM - CCU,false,false
AI220,Air India,BOM,DEL,2026-04-20T20:19:41.703Z,2026-04-20T21:57:41.703Z,1899-12-31 01:38:00.0000000,98,BOM - DEL,false,false
6F151,IndiGo,CCU,HYD,2026-04-20T19:44:41.703Z,2026-04-20T22:04:41.703Z,1899-12-31 02:20:00.0000000,140,CCU - HYD,false,false
UK010,Vistara,MAA,HYD,2026-04-20T17:53:41.701Z,2026-04-20T20:40:41.701Z,1899-12-31 02:47:00.0000000,167,MAA - HYD,false,false
UK068,Vistara,BLR,MAA,2026-04-20T16:28:41.701Z,2026-04-20T18:09:41.701Z,1899-12-31 01:41:00.0000000,101,BLR - MAA,false,false
6F146,IndiGo,HYD,MAA,2026-04-20T13:51:41.703Z,2026-04-20T15:07:41.703Z,1899-12-31 01:16:00.0000000,76,HYD - MAA,false,false
AI029,Air India,MAA,DEL,2026-04-20T13:29:41.701Z,2026-04-20T17:53:41.701Z,1899-12-31 04:24:00.0000000,264,MAA - DEL,false,false
AI031,Air India,DEL,MAA,2026-04-20T13:05:41.701Z,2026-04-20T16:11:41.701Z,1899-12-31 03:06:00.0000000,186,DEL - MAA,false,false
SJ089,SpiceJet,HYD,CCU,2026-04-20T12:42:41.702Z,2026-04-20T17:15:41.702Z,1899-12-31 04:33:00.0000000,273,HYD - CCU,false,false
UK104,Vistara,DEL,BOM,2026-04-20T12:30:41.702Z,2026-04-20T13:52:41.702Z,1899-12-31 01:22:00.0000000,82,DEL - BOM,false,false
AI222,Unknown,BOM,DEL,2026-04-20T12:10:41.703Z,2026-04-20T13:14:41.703Z,1899-12-31 01:04:00.0000000,64,BOM - DEL,false,false
UK170,Vistara,BOM,BLR,2026-04-20T09:42:41.703Z,2026-04-20T11:32:41.703Z,1899-12-31 01:50:00.0000000,110,BOM - BLR,false,false
SJ022,SpiceJet,DEL,BLR,2026-04-20T07:56:41.701Z,2026-04-20T11:07:41.701Z,1899-12-31 03:11:00.0000000,191,DEL - BLR,false,false
SJ002,SpiceJet,DEL,BOM,2026-04-20T07:54:41.701Z,2026-04-20T12:40:41.701Z,1899-12-31 04:46:00.0000000,286,DEL - BOM,false,false
6F056,IndiGo,BOM,MAA,2026-04-20T07:00:41.701Z,2026-04-20T08:49:41.701Z,1899-12-31 01:49:00.0000000,109,BOM - MAA,false,false
UK079,Vistara,DEL,BLR,2026-04-20T06:43:41.702Z,2026-04-20T10:34:41.702Z,1899-12-31 03:51:00.0000000,231,DEL - BLR,false,false
UK210,Vistara,DEL,CCU,2026-04-20T06:35:41.704Z,2026-04-20T07:30:41.704Z,1899-12-31 00:55:00.0000000,55,DEL - CCU,false,false
SJ138,Unknown,BLR,BOM,2026-04-20T05:55:41.702Z,2026-04-20T06:43:41.702Z,1899-12-31 00:48:00.0000000,48,BLR - BOM,false,false
AI217,Air India,CCU,BLR,2026-04-20T04:57:41.703Z,2026-04-20T07:14:41.703Z,1899-12-31 02:17:00.0000000,137,CCU - BLR,false,false
6F250,Unknown,DEL,BLR,2026-04-20T03:26:41.701Z,2026-04-20T07:30:41.701Z,1899-12-31 04:04:00.0000000,244,DEL - BLR,false,false
SJ017,SpiceJet,DEL,MAA,2026-04-20T02:57:41.701Z,2026-04-20T05:00:41.701Z,1899-12-31 02:03:00.0000000,123,DEL - MAA,false,false
6F201,IndiGo,CCU,BOM,2026-04-20T02:09:41.703Z,2026-04-20T06:49:41.703Z,1899-12-31 04:40:00.0000000,280,CCU - BOM,false,false
AI051,Air India,MAA,BLR,2026-04-20T01:27:41.701Z,2026-04-20T02:22:41.701Z,1899-12-31 00:55:00.0000000,55,MAA - BLR,false,false
SJ207,SpiceJet,DEL,CCU,2026-04-20T00:52:41.703Z,2026-04-20T04:05:41.703Z,1899-12-31 03:13:00.0000000,193,DEL - CCU,false,false
UK175,Vistara,BLR,BOM,2026-04-19T23:56:41.703Z,2026-04-20T03:18:41.703Z,1899-12-31 03:22:00.0000000,202,BLR - BOM,false,false
6F271,Unknown,HYD,MAA,2026-04-19T19:33:41.702Z,2026-04-19T22:52:41.702Z,1899-12-31 03:19:00.0000000,199,HYD - MAA,false,false
6F256,Unknown,BOM,CCU,2026-04-19T18:40:41.702Z,2026-04-19T19:13:41.702Z,1899-12-31 00:33:00.0000000,33,BOM - CCU,false,false
AI110,Air India,BOM,CCU,2026-04-19T17:07:41.702Z,2026-04-19T22:00:41.702Z,1899-12-31 04:53:00.0000000,293,BOM - CCU,false,false
UK164,Vistara,BOM,HYD,2026-04-19T16:46:41.703Z,2026-04-19T21:10:41.703Z,1899-12-31 04:24:00.0000000,264,BOM - HYD,false,false
SJ040,SpiceJet,BOM,CCU,2026-04-19T13:12:41.701Z,2026-04-19T16:44:41.701Z,1899-12-31 03:32:00.0000000,212,BOM - CCU,false,false
SJ166,SpiceJet,CCU,HYD,2026-04-19T12:51:41.703Z,2026-04-19T16:18:41.703Z,1899-12-31 03:27:00.0000000,207,CCU - HYD,false,false
6F134,IndiGo,BLR,MAA,2026-04-19T12:47:41.702Z,2026-04-19T14:06:41.702Z,1899-12-31 01:19:00.0000000,79,BLR - MAA,false,false
AI182,Air India,HYD,DEL,2026-04-19T12:41:41.703Z,2026-04-19T17:14:41.703Z,1899-12-31 04:33:00.0000000,273,HYD - DEL,false,false
AI120,Air India,MAA,CCU,2026-04-19T12:12:41.702Z,2026-04-19T14:18:41.702Z,1899-12-31 02:06:00.0000000,126,MAA - CCU,false,false
AI045,Air India,HYD,MAA,2026-04-19T11:58:41.701Z,2026-04-19T14:37:41.701Z,1899-12-31 02:39:00.0000000,159,HYD - MAA,false,false
AI141,Air India,BLR,DEL,2026-04-19T10:16:41.702Z,2026-04-19T14:53:41.702Z,1899-12-31 04:37:00.0000000,277,BLR - DEL,false,false
SJ170,SpiceJet,BLR,BOM,2026-04-19T10:11:41.703Z,2026-04-19T11:56:41.703Z,1899-12-31 01:45:00.0000000,105,BLR - BOM,false,false
UK056,Vistara,HYD,MAA,2026-04-19T09:29:41.701Z,2026-04-19T10:15:41.701Z,1899-12-31 00:46:00.0000000,46,HYD - MAA,false,false
SJ006,SpiceJet,HYD,BLR,2026-04-19T08:25:41.701Z,2026-04-19T08:57:41.701Z,1899-12-31 00:32:00.0000000,32,HYD - BLR,false,false
6F094,IndiGo,BLR,BOM,2026-04-19T07:37:41.702Z,2026-04-19T09:06:41.702Z,1899-12-31 01:29:00.0000000,89,BLR - BOM,false,false
6F024,IndiGo,BOM,DEL,2026-04-19T07:31:41.701Z,2026-04-19T11:17:41.701Z,1899-12-31 03:46:00.0000000,226,BOM - DEL,false,false
AI236,Air India,DEL,BOM,2026-04-19T04:52:41.704Z,2026-04-19T09:11:41.704Z,1899-12-31 04:19:00.0000000,259,DEL - BOM,false,false
AI007,Air India,MAA,DEL,2026-04-19T04:01:41.701Z,2026-04-19T06:01:42.000Z,1899-12-31 02:00:00.2990000,120,MAA - DEL,false,false
SJ241,SpiceJet,DEL,HYD,2026-04-19T03:57:41.704Z,2026-04-19T06:36:41.704Z,1899-12-31 02:39:00.0000000,159,DEL - HYD,false,false
6F170,IndiGo,HYD,DEL,2026-04-19T02:44:41.703Z,2026-04-19T04:14:41.703Z,1899-12-31 01:30:00.0000000,90,HYD - DEL,false,false
UK085,Vistara,MAA,DEL,2026-04-19T02:15:41.702Z,2026-04-19T03:17:41.702Z,1899-12-31 01:02:00.0000000,62,MAA - DEL,false,false
6F142,IndiGo,CCU,MAA,2026-04-19T02:05:41.702Z,2026-04-19T06:04:41.702Z,1899-12-31 03:59:00.0000000,239,CCU - MAA,false,false
6F226,IndiGo,DEL,BOM,2026-04-19T00:38:41.704Z,2026-04-19T02:55:41.704Z,1899-12-31 02:17:00.0000000,137,DEL - BOM,false,false
SJ181,SpiceJet,BOM,BLR,2026-04-19T00:20:41.703Z,2026-04-19T01:49:41.703Z,1899-12-31 01:29:00.0000000,89,BOM - BLR,false,false
SJ247,SpiceJet,DEL,BOM,2026-04-18T23:38:41.704Z,2026-04-19T03:43:41.704Z,1899-12-31 04:05:00.0000000,245,DEL - BOM,false,false
AI101,Air India,DEL,BLR,2026-04-18T23:20:41.702Z,2026-04-19T02:23:41.702Z,1899-12-31 03:03:00.0000000,183,DEL - BLR,false,false
SJ091,SpiceJet,BLR,CCU,2026-04-18T23:10:41.702Z,2026-04-19T00:47:41.702Z,1899-12-31 01:37:00.0000000,97,BLR - CCU,false,false
AI116,Air India,CCU,BOM,2026-04-18T22:30:41.702Z,2026-04-19T01:57:41.702Z,1899-12-31 03:27:00.0000000,207,CCU - BOM,false,false
6F064,IndiGo,CCU,DEL,2026-04-18T21:45:41.701Z,2026-04-18T22:50:41.701Z,1899-12-31 01:05:00.0000000,65,CCU - DEL,false,false
AI005,Air India,DEL,CCU,2026-04-18T21:24:41.701Z,2026-04-18T22:11:41.701Z,1899-12-31 00:47:00.0000000,47,DEL - CCU,false,false
AI040,Air India,HYD,BLR,2026-04-18T21:01:41.701Z,2026-04-18T22:42:41.701Z,1899-12-31 01:41:00.0000000,101,HYD - BLR,false,false
6F004,IndiGo,BOM,CCU,2026-04-18T19:53:41.701Z,2026-04-18T23:33:41.701Z,1899-12-31 03:40:00.0000000,220,BOM - CCU,false,false
AI027,Air India,BOM,MAA,2026-04-18T19:41:41.701Z,2026-04-18T23:23:41.701Z,1899-12-31 03:42:00.0000000,222,BOM - MAA,false,false
SJ151,SpiceJet,BOM,CCU,2026-04-18T17:44:41.702Z,2026-04-18T19:16:41.702Z,1899-12-31 01:32:00.0000000,92,BOM - CCU,false,false
UK138,Vistara,DEL,BLR,2026-04-18T16:47:41.703Z,2026-04-18T19:36:41.703Z,1899-12-31 02:49:00.0000000,169,DEL - BLR,false,false
6F240,IndiGo,DEL,HYD,2026-04-18T15:31:41.704Z,2026-04-18T19:56:41.704Z,1899-12-31 04:25:00.0000000,265,DEL - HYD,false,false
SJ164,SpiceJet,CCU,MAA,2026-04-18T13:14:41.703Z,2026-04-18T15:14:42.000Z,1899-12-31 02:00:00.2970000,120,CCU - MAA,false,false
6F109,IndiGo,BLR,BOM,2026-04-18T12:00:41.702Z,2026-04-18T12:51:41.702Z,1899-12-31 00:51:00.0000000,51,BLR - BOM,false,false
SJ140,Unknown,HYD,DEL,2026-04-18T10:42:41.702Z,2026-04-18T14:30:41.702Z,1899-12-31 03:48:00.0000000,228,HYD - DEL,false,false
AI014,Air India,HYD,MAA,2026-04-18T10:24:41.701Z,2026-04-18T13:51:41.701Z,1899-12-31 03:27:00.0000000,207,HYD - MAA,false,false
AI130,Air India,BOM,BLR,2026-04-18T10:18:41.702Z,2026-04-18T12:59:41.702Z,1899-12-31 02:41:00.0000000,161,BOM - BLR,false,false
AI042,Air India,CCU,DEL,2026-04-18T09:53:41.701Z,2026-04-18T10:57:41.701Z,1899-12-31 01:04:00.0000000,64,CCU - DEL,false,false
SJ060,SpiceJet,HYD,CCU,2026-04-18T08:51:41.701Z,2026-04-18T13:46:41.701Z,1899-12-31 04:55:00.0000000,295,HYD - CCU,false,false
6F120,IndiGo,BLR,BOM,2026-04-18T05:14:41.702Z,2026-04-18T06:14:41.702Z,1899-12-31 01:00:00.0000000,60,BLR - BOM,false,false
AI166,Air India,BOM,CCU,2026-04-18T04:20:41.703Z,2026-04-18T07:23:41.703Z,1899-12-31 03:03:00.0000000,183,BOM - CCU,false,false
AI244,Air India,BLR,BOM,2026-04-18T02:50:41.704Z,2026-04-18T03:25:41.704Z,1899-12-31 00:35:00.0000000,35,BLR - BOM,false,false
UK018,Vistara,BOM,CCU,2026-04-18T02:15:41.701Z,2026-04-18T04:08:41.701Z,1899-12-31 01:53:00.0000000,113,BOM - CCU,false,false
6F069,IndiGo,MAA,BLR,2026-04-17T23:44:41.701Z,2026-04-18T03:17:41.701Z,1899-12-31 03:33:00.0000000,213,MAA - BLR,false,false
UK052,Vistara,BLR,CCU,2026-04-17T20:48:41.701Z,2026-04-17T21:40:41.701Z,1899-12-31 00:52:00.0000000,52,BLR - CCU,false,false
AI230,Unknown,CCU,BLR,2026-04-17T20:37:41.704Z,2026-04-18T00:22:41.704Z,1899-12-31 03:45:00.0000000,225,CCU - BLR,false,false
AI152,Air India,BLR,CCU,2026-04-17T19:21:41.703Z,2026-04-17T20:26:41.703Z,1899-12-31 01:05:00.0000000,65,BLR - CCU,false,false
6F183,IndiGo,MAA,HYD,2026-04-17T17:08:41.703Z,2026-04-17T19:52:41.703Z,1899-12-31 02:44:00.0000000,164,MAA - HYD,false,false
AI229,Air India,HYD,MAA,2026-04-17T16:48:41.703Z,2026-04-17T18:40:41.703Z,1899-12-31 01:52:00.0000000,112,HYD - MAA,false,false
SJ005,SpiceJet,DEL,MAA,2026-04-17T16:03:41.701Z,2026-04-17T17:24:41.701Z,1899-12-31 01:21:00.0000000,81,DEL - MAA,false,false
6F040,IndiGo,HYD,CCU,2026-04-17T15:52:41.701Z,2026-04-17T20:33:41.701Z,1899-12-31 04:41:00.0000000,281,HYD - CCU,false,false
UK199,Vistara,BOM,CCU,2026-04-17T15:24:41.703Z,2026-04-17T18:55:41.703Z,1899-12-31 03:31:00.0000000,211,BOM - CCU,false,false
SJ197,SpiceJet,HYD,BLR,2026-04-17T14:49:41.703Z,2026-04-17T17:33:41.703Z,1899-12-31 02:44:00.0000000,164,HYD - BLR,false,false
AI223,Air India,BOM,CCU,2026-04-17T12:53:41.703Z,2026-04-17T14:42:41.703Z,1899-12-31 01:49:00.0000000,109,BOM - CCU,false,false
6F195,IndiGo,CCU,DEL,2026-04-20T21:44:41.703Z,2026-04-20T22:39:41.703Z,1899-12-31 00:55:00.0000000,55,CCU - DEL,false,false
SJ001,SpiceJet,BOM,MAA,2026-04-20T20:28:41.700Z,2026-04-21T01:15:41.700Z,1899-12-31 04:47:00.0000000,287,BOM - MAA,false,false
6F114,IndiGo,BOM,MAA,2026-04-20T20:10:41.702Z,2026-04-20T21:00:41.702Z,1899-12-31 00:50:00.0000000,50,BOM - MAA,false,false
SJ236,SpiceJet,MAA,BOM,2026-04-20T18:03:41.704Z,2026-04-20T22:02:41.704Z,1899-12-31 03:59:00.0000000,239,MAA - BOM,false,false
UK152,Vistara,BOM,CCU,2026-04-20T17:24:41.703Z,2026-04-20T20:13:41.703Z,1899-12-31 02:49:00.0000000,169,BOM - CCU,false,false
SJ202,SpiceJet,CCU,HYD,2026-04-20T17:21:41.703Z,2026-04-20T19:08:41.703Z,1899-12-31 01:47:00.0000000,107,CCU - HYD,false,false
UK173,Vistara,MAA,BLR,2026-04-20T17:06:41.703Z,2026-04-20T21:22:41.703Z,1899-12-31 04:16:00.0000000,256,MAA - BLR,false,false
SJ044,SpiceJet,DEL,CCU,2026-04-20T15:06:41.701Z,2026-04-20T17:43:41.701Z,1899-12-31 02:37:00.0000000,157,DEL - CCU,false,false
6F077,IndiGo,CCU,DEL,2026-04-20T14:55:41.702Z,2026-04-20T19:13:41.702Z,1899-12-31 04:18:00.0000000,258,CCU - DEL,false,false
SJ154,SpiceJet,BLR,HYD,2026-04-20T14:47:41.702Z,2026-04-20T16:26:41.702Z,1899-12-31 01:39:00.0000000,99,BLR - HYD,false,false
SJ222,SpiceJet,BOM,DEL,2026-04-20T14:15:41.703Z,2026-04-20T17:09:41.703Z,1899-12-31 02:54:00.0000000,174,BOM - DEL,false,false
UK166,Vistara,HYD,MAA,2026-04-20T12:39:41.703Z,2026-04-20T17:32:41.703Z,1899-12-31 04:53:00.0000000,293,HYD - MAA,false,false
SJ025,SpiceJet,BOM,CCU,2026-04-20T12:02:41.701Z,2026-04-20T15:29:41.701Z,1899-12-31 03:27:00.0000000,207,BOM - CCU,false,false
6F105,IndiGo,BLR,BOM,2026-04-20T11:46:41.702Z,2026-04-20T12:58:41.702Z,1899-12-31 01:12:00.0000000,72,BLR - BOM,false,false
SJ075,SpiceJet,MAA,BLR,2026-04-20T09:26:41.701Z,2026-04-20T11:03:41.701Z,1899-12-31 01:37:00.0000000,97,MAA - BLR,false,false
SJ186,SpiceJet,CCU,DEL,2026-04-20T05:11:41.703Z,2026-04-20T07:22:41.703Z,1899-12-31 02:11:00.0000000,131,CCU - DEL,false,false
UK093,Vistara,HYD,CCU,2026-04-20T04:31:41.702Z,2026-04-20T05:21:41.702Z,1899-12-31 00:50:00.0000000,50,HYD - CCU,false,false
UK073,Vistara,BLR,CCU,2026-04-20T03:59:41.702Z,2026-04-20T08:09:41.702Z,1899-12-31 04:10:00.0000000,250,BLR - CCU,false,false
AI150,Air India,BOM,DEL,2026-04-20T03:51:41.703Z,2026-04-20T04:38:41.703Z,1899-12-31 00:47:00.0000000,47,BOM - DEL,false,false
AI196,Air India,MAA,HYD,2026-04-20T02:52:41.703Z,2026-04-20T04:25:41.703Z,1899-12-31 01:33:00.0000000,93,MAA - HYD,false,false
SJ030,SpiceJet,DEL,HYD,2026-04-20T02:36:41.701Z,2026-04-20T03:19:41.701Z,1899-12-31 00:43:00.0000000,43,DEL - HYD,false,false
AI009,Unknown,DEL,CCU,2026-04-20T01:31:41.701Z,2026-04-20T04:05:41.701Z,1899-12-31 02:34:00.0000000,154,DEL - CCU,false,false
6F019,IndiGo,BLR,BOM,2026-04-20T00:19:41.701Z,2026-04-20T04:14:41.701Z,1899-12-31 03:55:00.0000000,235,BLR - BOM,false,false
AI234,Air India,BOM,MAA,2026-04-19T23:50:41.704Z,2026-04-20T01:34:41.704Z,1899-12-31 01:44:00.0000000,104,BOM - MAA,false,false
UK084,Vistara,MAA,DEL,2026-04-19T20:44:41.702Z,2026-04-20T00:20:41.702Z,1899-12-31 03:36:00.0000000,216,MAA - DEL,false,false
SJ070,SpiceJet,MAA,CCU,2026-04-19T18:55:41.701Z,2026-04-19T20:48:41.701Z,1899-12-31 01:53:00.0000000,113,MAA - CCU,false,false
UK113,Vistara,CCU,DEL,2026-04-19T18:34:41.702Z,2026-04-19T22:58:41.702Z,1899-12-31 04:24:00.0000000,264,CCU - DEL,false,false
SJ204,SpiceJet,CCU,DEL,2026-04-19T16:34:41.703Z,2026-04-19T18:15:41.703Z,1899-12-31 01:41:00.0000000,101,CCU - DEL,false,false
6F253,Unknown,MAA,BLR,2026-04-19T16:26:41.703Z,2026-04-19T18:24:41.703Z,1899-12-31 01:58:00.0000000,118,MAA - BLR,false,false
UK221,Vistara,CCU,DEL,2026-04-19T14:18:41.704Z,2026-04-19T18:44:41.704Z,1899-12-31 04:26:00.0000000,266,CCU - DEL,false,false
UK136,Vistara,HYD,CCU,2026-04-19T11:43:41.703Z,2026-04-19T15:26:41.703Z,1899-12-31 03:43:00.0000000,223,HYD - CCU,false,false
6F001,IndiGo,HYD,BOM,2026-04-19T11:33:41.700Z,2026-04-19T13:08:41.700Z,1899-12-31 01:35:00.0000000,95,HYD - BOM,false,false
6F219,IndiGo,MAA,DEL,2026-04-19T10:32:41.704Z,2026-04-19T14:37:41.704Z,1899-12-31 04:05:00.0000000,245,MAA - DEL,false,false
SJ178,SpiceJet,BOM,HYD,2026-04-19T09:58:41.703Z,2026-04-19T12:27:41.703Z,1899-12-31 02:29:00.0000000,149,BOM - HYD,false,false
SJ051,Unknown,BOM,BLR,2026-04-19T08:40:41.701Z,2026-04-19T12:18:41.701Z,1899-12-31 03:38:00.0000000,218,BOM - BLR,false,false
SJ106,SpiceJet,CCU,DEL,2026-04-19T07:16:41.702Z,2026-04-19T09:40:41.702Z,1899-12-31 02:24:00.0000000,144,CCU - DEL,false,false
AI254,Air India,CCU,HYD,2026-04-19T04:46:41.704Z,2026-04-19T08:06:41.704Z,1899-12-31 03:20:00.0000000,200,CCU - HYD,false,false
SJ217,SpiceJet,BOM,CCU,2026-04-19T02:57:41.703Z,2026-04-19T06:04:41.703Z,1899-12-31 03:07:00.0000000,187,BOM - CCU,false,false
SJ110,SpiceJet,CCU,DEL,2026-04-19T01:47:41.702Z,2026-04-19T02:20:41.702Z,1899-12-31 00:33:00.0000000,33,CCU - DEL,false,false
UK143,Vistara,BLR,BOM,2026-04-19T01:34:41.703Z,2026-04-19T02:48:41.703Z,1899-12-31 01:14:00.0000000,74,BLR - BOM,false,false
SJ118,SpiceJet,DEL,BOM,2026-04-19T01:08:41.702Z,2026-04-19T02:33:41.702Z,1899-12-31 01:25:00.0000000,85,DEL - BOM,false,false
AI043,Air India,CCU,DEL,2026-04-19T00:28:41.701Z,2026-04-19T04:37:41.701Z,1899-12-31 04:09:00.0000000,249,CCU - DEL,false,false
6F016,IndiGo,HYD,BOM,2026-04-18T22:18:41.701Z,2026-04-18T22:54:41.701Z,1899-12-31 00:36:00.0000000,36,HYD - BOM,false,false
6F141,IndiGo,BOM,CCU,2026-04-18T20:26:41.702Z,2026-04-18T22:28:41.702Z,1899-12-31 02:02:00.0000000,122,BOM - CCU,false,false
SJ165,SpiceJet,CCU,BOM,2026-04-18T20:08:41.703Z,2026-04-18T23:18:41.703Z,1899-12-31 03:10:00.0000000,190,CCU - BOM,false,false
AI147,Air India,HYD,CCU,2026-04-18T18:14:41.703Z,2026-04-18T20:10:41.703Z,1899-12-31 01:56:00.0000000,116,HYD - CCU,false,false
SJ211,SpiceJet,MAA,BOM,2026-04-18T16:22:41.703Z,2026-04-18T18:34:41.703Z,1899-12-31 02:12:00.0000000,132,MAA - BOM,false,false
UK060,Vistara,BLR,CCU,2026-04-18T16:09:41.701Z,2026-04-18T19:42:41.701Z,1899-12-31 03:33:00.0000000,213,BLR - CCU,false,false
SJ144,SpiceJet,BLR,BOM,2026-04-18T15:35:41.702Z,2026-04-18T19:12:41.702Z,1899-12-31 03:37:00.0000000,217,BLR - BOM,false,false
SJ242,SpiceJet,BLR,HYD,2026-04-18T14:55:41.704Z,2026-04-18T17:42:41.704Z,1899-12-31 02:47:00.0000000,167,BLR - HYD,false,false
6F252,Unknown,MAA,BLR,2026-04-18T14:25:41.701Z,2026-04-18T18:52:41.701Z,1899-12-31 04:27:00.0000000,267,MAA - BLR,false,false
6F227,IndiGo,MAA,BOM,2026-04-18T13:16:41.704Z,2026-04-18T17:41:41.704Z,1899-12-31 04:25:00.0000000,265,MAA - BOM,false,false
6F161,IndiGo,MAA,DEL,2026-04-18T11:24:41.703Z,2026-04-18T12:21:41.703Z,1899-12-31 00:57:00.0000000,57,MAA - DEL,false,false
AI008,Air India,BOM,CCU,2026-04-18T10:43:41.701Z,2026-04-18T12:43:42.000Z,1899-12-31 02:00:00.2990000,120,BOM - CCU,false,false
6F131,IndiGo,BLR,HYD,2026-04-18T10:22:41.702Z,2026-04-18T14:20:41.702Z,1899-12-31 03:58:00.0000000,238,BLR - HYD,false,false
6F119,IndiGo,DEL,BOM,2026-04-18T09:19:41.702Z,2026-04-18T11:33:41.702Z,1899-12-31 02:14:00.0000000,134,DEL - BOM,false,false
6F155,IndiGo,DEL,BLR,2026-04-18T07:47:41.703Z,2026-04-18T08:20:41.703Z,1899-12-31 00:33:00.0000000,33,DEL - BLR,false,false
AI232,Air India,DEL,BLR,2026-04-18T06:43:41.704Z,2026-04-18T10:13:41.704Z,1899-12-31 03:30:00.0000000,210,DEL - BLR,false,false
6F217,IndiGo,BLR,BOM,2026-04-18T05:13:41.704Z,2026-04-18T08:01:41.704Z,1899-12-31 02:48:00.0000000,168,BLR - BOM,false,false
UK033,Vistara,HYD,DEL,2026-04-18T04:34:41.701Z,2026-04-18T09:18:41.701Z,1899-12-31 04:44:00.0000000,284,HYD - DEL,false,false
SJ094,SpiceJet,MAA,HYD,2026-04-18T03:23:41.702Z,2026-04-18T08:07:41.702Z,1899-12-31 04:44:00.0000000,284,MAA - HYD,false,false
UK186,Vistara,BOM,BLR,2026-04-17T23:05:41.703Z,2026-04-18T02:22:41.703Z,1899-12-31 03:17:00.0000000,197,BOM - BLR,false,false
UK025,Vistara,DEL,BOM,2026-04-17T22:55:41.701Z,2026-04-18T02:47:41.701Z,1899-12-31 03:52:00.0000000,232,DEL - BOM,false,false
UK162,Vistara,BOM,CCU,2026-04-17T22:47:41.703Z,2026-04-18T00:21:41.703Z,1899-12-31 01:34:00.0000000,94,BOM - CCU,false,false
UK080,Vistara,BLR,MAA,2026-04-17T21:09:41.702Z,2026-04-17T22:29:41.702Z,1899-12-31 01:20:00.0000000,80,BLR - MAA,false,false
SJ115,SpiceJet,BOM,HYD,2026-04-17T21:05:41.702Z,2026-04-17T23:10:41.702Z,1899-12-31 02:05:00.0000000,125,BOM - HYD,false,false
AI124,Air India,CCU,HYD,2026-04-17T20:28:41.702Z,2026-04-18T00:00:41.702Z,1899-12-31 03:32:00.0000000,212,CCU - HYD,false,false
AI172,Air India,BOM,CCU,2026-04-17T19:08:41.703Z,2026-04-17T19:53:41.703Z,1899-12-31 00:45:00.0000000,45,BOM - CCU,false,false
UK144,Vistara,BOM,CCU,2026-04-17T18:07:41.703Z,2026-04-17T20:59:41.703Z,1899-12-31 02:52:00.0000000,172,BOM - CCU,false,false
UK106,Vistara,BOM,CCU,2026-04-17T15:12:41.702Z,2026-04-17T17:23:41.702Z,1899-12-31 02:11:00.0000000,131,BOM - CCU,false,false
UK002,Vistara,CCU,MAA,2026-04-17T14:28:41.700Z,2026-04-17T19:20:41.700Z,1899-12-31 04:52:00.0000000,292,CCU - MAA,false,false
SJ092,SpiceJet,BLR,MAA,2026-04-17T13:19:41.702Z,2026-04-17T17:56:41.702Z,1899-12-31 04:37:00.0000000,277,BLR - MAA,false,false
AI151,Air India,MAA,HYD,2026-04-17T13:14:41.703Z,2026-04-17T14:10:41.703Z,1899-12-31 00:56:00.0000000,56,MAA - HYD,false,false
6F198,IndiGo,HYD,BLR,2026-04-17T12:40:41.703Z,2026-04-17T17:39:41.703Z,1899-12-31 04:59:00.0000000,299,HYD - BLR,false,false
SJ158,SpiceJet,DEL,HYD,2026-04-20T23:05:41.703Z,2026-04-21T01:24:41.703Z,1899-12-31 02:19:00.0000000,139,DEL - HYD,false,false
AI069,Unknown,DEL,BOM,2026-04-20T22:43:41.702Z,2026-04-21T02:29:41.702Z,1899-12-31 03:46:00.0000000,226,DEL - BOM,false,false
SJ081,SpiceJet,BOM,BLR,2026-04-20T17:04:41.702Z,2026-04-20T18:53:41.702Z,1899-12-31 01:49:00.0000000,109,BOM - BLR,false,false
UK224,Unknown,CCU,MAA,2026-04-20T16:25:41.704Z,2026-04-20T20:24:41.704Z,1899-12-31 03:59:00.0000000,239,CCU - MAA,false,false
AI072,Air India,BLR,CCU,2026-04-20T15:34:41.702Z,2026-04-20T16:32:41.702Z,1899-12-31 00:58:00.0000000,58,BLR - CCU,false,false
6F191,IndiGo,BLR,DEL,2026-04-20T14:41:41.703Z,2026-04-20T15:11:41.703Z,1899-12-31 00:30:00.0000000,30,BLR - DEL,false,false
6F168,IndiGo,HYD,DEL,2026-04-20T12:18:41.703Z,2026-04-20T15:58:41.703Z,1899-12-31 03:40:00.0000000,220,HYD - DEL,false,false
6F049,IndiGo,HYD,DEL,2026-04-20T10:00:41.701Z,2026-04-20T13:13:41.701Z,1899-12-31 03:13:00.0000000,193,HYD - DEL,false,false
SJ227,SpiceJet,BOM,CCU,2026-04-20T08:32:41.704Z,2026-04-20T12:53:41.704Z,1899-12-31 04:21:00.0000000,261,BOM - CCU,false,false
AI135,Air India,BLR,BOM,2026-04-20T06:40:41.702Z,2026-04-20T09:21:41.702Z,1899-12-31 02:41:00.0000000,161,BLR - BOM,false,false
AI227,Air India,BLR,MAA,2026-04-20T04:31:41.703Z,2026-04-20T08:17:41.703Z,1899-12-31 03:46:00.0000000,226,BLR - MAA,false,false
UK208,Vistara,DEL,CCU,2026-04-20T03:54:41.704Z,2026-04-20T08:51:41.704Z,1899-12-31 04:57:00.0000000,297,DEL - CCU,false,false
SJ191,SpiceJet,BLR,BOM,2026-04-20T03:01:41.703Z,2026-04-20T04:23:41.703Z,1899-12-31 01:22:00.0000000,82,BLR - BOM,false,false
AI216,Air India,BOM,CCU,2026-04-20T01:10:41.703Z,2026-04-20T02:34:41.703Z,1899-12-31 01:24:00.0000000,84,BOM - CCU,false,false
SJ155,SpiceJet,DEL,CCU,2026-04-20T00:38:41.702Z,2026-04-20T05:38:41.702Z,1899-12-31 05:00:00.0000000,300,DEL - CCU,false,false
SJ020,SpiceJet,BLR,BOM,2026-04-19T22:18:41.701Z,2026-04-20T02:27:41.701Z,1899-12-31 04:09:00.0000000,249,BLR - BOM,false,false
SJ099,Unknown,MAA,BLR,2026-04-19T22:14:41.702Z,2026-04-20T00:34:41.702Z,1899-12-31 02:20:00.0000000,140,MAA - BLR,false,false
UK020,Vistara,MAA,BLR,2026-04-19T21:23:41.701Z,2026-04-19T22:38:41.701Z,1899-12-31 01:15:00.0000000,75,MAA - BLR,false,false
6F118,IndiGo,CCU,HYD,2026-04-19T19:52:41.702Z,2026-04-19T21:01:41.702Z,1899-12-31 01:09:00.0000000,69,CCU - HYD,false,false
6F007,IndiGo,HYD,MAA,2026-04-19T18:55:41.701Z,2026-04-19T19:54:41.701Z,1899-12-31 00:59:00.0000000,59,HYD - MAA,false,false
AI024,Air India,MAA,BOM,2026-04-19T18:38:41.701Z,2026-04-19T19:45:41.701Z,1899-12-31 01:07:00.0000000,67,MAA - BOM,false,false
AI053,Air India,CCU,DEL,2026-04-19T18:04:41.701Z,2026-04-19T22:19:41.701Z,1899-12-31 04:15:00.0000000,255,CCU - DEL,false,false
AI098,Air India,HYD,MAA,2026-04-19T16:01:41.702Z,2026-04-19T18:11:41.702Z,1899-12-31 02:10:00.0000000,130,HYD - MAA,false,false
AI085,Air India,DEL,HYD,2026-04-19T15:45:41.702Z,2026-04-19T20:33:41.702Z,1899-12-31 04:48:00.0000000,288,DEL - HYD,false,false
UK130,Vistara,MAA,BLR,2026-04-19T15:36:41.702Z,2026-04-19T19:43:41.702Z,1899-12-31 04:07:00.0000000,247,MAA - BLR,false,false
AI198,Air India,CCU,MAA,2026-04-19T10:56:41.703Z,2026-04-19T14:19:41.703Z,1899-12-31 03:23:00.0000000,203,CCU - MAA,false,false
AI180,Air India,BOM,CCU,2026-04-19T10:19:41.703Z,2026-04-19T11:00:41.703Z,1899-12-31 00:41:00.0000000,41,BOM - CCU,false,false
6F243,IndiGo,BOM,HYD,2026-04-19T09:37:41.704Z,2026-04-19T10:33:41.704Z,1899-12-31 00:56:00.0000000,56,BOM - HYD,false,false
AI165,Air India,DEL,CCU,2026-04-19T08:51:41.703Z,2026-04-19T10:31:41.703Z,1899-12-31 01:40:00.0000000,100,DEL - CCU,false,false
6F221,IndiGo,MAA,DEL,2026-04-19T05:20:41.704Z,2026-04-19T08:52:41.704Z,1899-12-31 03:32:00.0000000,212,MAA - DEL,false,false
AI013,Air India,HYD,BLR,2026-04-19T03:41:41.701Z,2026-04-19T04:58:41.701Z,1899-12-31 01:17:00.0000000,77,HYD - BLR,false,false
6F059,IndiGo,BOM,DEL,2026-04-19T01:12:41.701Z,2026-04-19T06:02:41.701Z,1899-12-31 04:50:00.0000000,290,BOM - DEL,false,false
UK202,Vistara,DEL,HYD,2026-04-19T01:11:41.703Z,2026-04-19T05:37:41.703Z,1899-12-31 04:26:00.0000000,266,DEL - HYD,false,false
UK191,Vistara,MAA,BLR,2026-04-18T21:51:41.703Z,2026-04-18T22:57:41.703Z,1899-12-31 01:06:00.0000000,66,MAA - BLR,false,false
6F111,IndiGo,HYD,DEL,2026-04-18T17:09:41.702Z,2026-04-18T20:02:41.702Z,1899-12-31 02:53:00.0000000,173,HYD - DEL,false,false
6F076,IndiGo,CCU,HYD,2026-04-18T15:35:41.702Z,2026-04-18T16:20:41.702Z,1899-12-31 00:45:00.0000000,45,CCU - HYD,false,false
6F107,IndiGo,CCU,BLR,2026-04-18T14:14:41.702Z,2026-04-18T17:14:42.000Z,1899-12-31 03:00:00.2980000,180,CCU - BLR,false,false
6F264,Unknown,DEL,HYD,2026-04-18T14:03:41.701Z,2026-04-18T18:23:41.701Z,1899-12-31 04:20:00.0000000,260,DEL - HYD,false,false
UK098,Vistara,CCU,DEL,2026-04-18T13:38:41.702Z,2026-04-18T17:54:41.702Z,1899-12-31 04:16:00.0000000,256,CCU - DEL,false,false
AI049,Air India,CCU,MAA,2026-04-18T13:35:41.701Z,2026-04-18T15:48:41.701Z,1899-12-31 02:13:00.0000000,133,CCU - MAA,false,false
6F210,IndiGo,HYD,DEL,2026-04-18T11:51:41.703Z,2026-04-18T15:58:41.703Z,1899-12-31 04:07:00.0000000,247,HYD - DEL,false,false
6F137,IndiGo,CCU,DEL,2026-04-18T10:45:41.702Z,2026-04-18T15:01:41.702Z,1899-12-31 04:16:00.0000000,256,CCU - DEL,false,false
SJ096,Unknown,DEL,HYD,2026-04-18T10:29:41.702Z,2026-04-18T13:45:41.702Z,1899-12-31 03:16:00.0000000,196,DEL - HYD,false,false
SJ090,SpiceJet,HYD,MAA,2026-04-18T10:24:41.702Z,2026-04-18T13:11:41.702Z,1899-12-31 02:47:00.0000000,167,HYD - MAA,false,false
AI218,Air India,BOM,CCU,2026-04-18T08:55:41.703Z,2026-04-18T11:55:41.703Z,1899-12-31 03:00:00.0000000,180,BOM - CCU,false,false
6F228,IndiGo,HYD,MAA,2026-04-18T04:36:41.704Z,2026-04-18T09:27:41.704Z,1899-12-31 04:51:00.0000000,291,HYD - MAA,false,false
SJ059,SpiceJet,CCU,DEL,2026-04-18T02:50:41.701Z,2026-04-18T04:06:41.701Z,1899-12-31 01:16:00.0000000,76,CCU - DEL,false,false
UK043,Unknown,DEL,HYD,2026-04-18T00:48:41.701Z,2026-04-18T04:52:41.701Z,1899-12-31 04:04:00.0000000,244,DEL - HYD,false,false
AI203,Air India,BOM,CCU,2026-04-18T00:09:41.703Z,2026-04-18T02:56:41.703Z,1899-12-31 02:47:00.0000000,167,BOM - CCU,false,false
UK213,Vistara,BOM,CCU,2026-04-17T23:21:41.704Z,2026-04-18T01:01:41.704Z,1899-12-31 01:40:00.0000000,100,BOM - CCU,false,false
SJ229,SpiceJet,CCU,DEL,2026-04-17T22:25:41.704Z,2026-04-18T00:27:41.704Z,1899-12-31 02:02:00.0000000,122,CCU - DEL,false,false
AI066,Air India,HYD,MAA,2026-04-17T21:51:41.701Z,2026-04-18T00:11:41.701Z,1899-12-31 02:20:00.0000000,140,HYD - MAA,false,false
6F268,Unknown,DEL,MAA,2026-04-17T20:29:41.701Z,2026-04-17T21:58:41.701Z,1899-12-31 01:29:00.0000000,89,DEL - MAA,false,false
SJ033,SpiceJet,HYD,DEL,2026-04-17T17:26:41.701Z,2026-04-17T18:51:41.701Z,1899-12-31 01:25:00.0000000,85,HYD - DEL,false,false
SJ080,SpiceJet,CCU,MAA,2026-04-17T16:04:41.702Z,2026-04-17T17:59:41.702Z,1899-12-31 01:55:00.0000000,115,CCU - MAA,false,false
6F090,IndiGo,HYD,BLR,2026-04-17T15:10:41.702Z,2026-04-17T19:22:41.702Z,1899-12-31 04:12:00.0000000,252,HYD - BLR,false,false
6F002,IndiGo,BLR,MAA,2026-04-17T14:11:41.700Z,2026-04-17T17:34:41.700Z,1899-12-31 03:23:00.0000000,203,BLR - MAA,false,false
AI245,Air India,BOM,CCU,2026-04-20T23:07:41.704Z,2026-04-21T01:43:41.704Z,1899-12-31 02:36:00.0000000,156,BOM - CCU,false,false
6F164,IndiGo,BLR,BOM,2026-04-20T22:18:41.703Z,2026-04-21T00:45:41.703Z,1899-12-31 02:27:00.0000000,147,BLR - BOM,false,false
SJ093,SpiceJet,BLR,BOM,2026-04-20T21:55:41.702Z,2026-04-20T23:01:41.702Z,1899-12-31 01:06:00.0000000,66,BLR - BOM,false,false
UK067,Vistara,BOM,CCU,2026-04-20T21:36:41.701Z,2026-04-21T01:02:41.701Z,1899-12-31 03:26:00.0000000,206,BOM - CCU,false,false
SJ043,Unknown,MAA,DEL,2026-04-20T18:59:41.701Z,2026-04-20T21:08:41.701Z,1899-12-31 02:09:00.0000000,129,MAA - DEL,false,false
UK176,Vistara,HYD,BLR,2026-04-20T18:41:41.703Z,2026-04-20T22:49:41.703Z,1899-12-31 04:08:00.0000000,248,HYD - BLR,false,false
UK150,Vistara,DEL,CCU,2026-04-20T18:31:41.703Z,2026-04-20T19:01:41.703Z,1899-12-31 00:30:00.0000000,30,DEL - CCU,false,false
UK215,Vistara,BOM,DEL,2026-04-20T17:38:41.704Z,2026-04-20T19:50:41.704Z,1899-12-31 02:12:00.0000000,132,BOM - DEL,false,false
UK187,Vistara,BLR,BOM,2026-04-20T16:52:41.703Z,2026-04-20T18:42:41.703Z,1899-12-31 01:50:00.0000000,110,BLR - BOM,false,false
SJ150,SpiceJet,BOM,HYD,2026-04-20T15:33:41.702Z,2026-04-20T19:03:41.702Z,1899-12-31 03:30:00.0000000,210,BOM - HYD,false,false
6F034,IndiGo,BOM,DEL,2026-04-20T11:53:41.701Z,2026-04-20T12:49:41.701Z,1899-12-31 00:56:00.0000000,56,BOM - DEL,false,false
AI079,Air India,CCU,BLR,2026-04-20T11:04:41.702Z,2026-04-20T13:19:41.702Z,1899-12-31 02:15:00.0000000,135,CCU - BLR,false,false
SJ018,SpiceJet,BOM,CCU,2026-04-20T10:58:41.701Z,2026-04-20T13:31:41.701Z,1899-12-31 02:33:00.0000000,153,BOM - CCU,false,false
AI240,Air India,MAA,DEL,2026-04-20T10:19:41.704Z,2026-04-20T12:46:41.704Z,1899-12-31 02:27:00.0000000,147,MAA - DEL,false,false
SJ007,SpiceJet,BOM,CCU,2026-04-20T10:03:41.701Z,2026-04-20T14:53:41.701Z,1899-12-31 04:50:00.0000000,290,BOM - CCU,false,false
SJ141,SpiceJet,CCU,DEL,2026-04-20T10:00:41.702Z,2026-04-20T13:37:41.702Z,1899-12-31 03:37:00.0000000,217,CCU - DEL,false,false
SJ235,SpiceJet,BOM,DEL,2026-04-20T09:57:41.704Z,2026-04-20T13:45:41.704Z,1899-12-31 03:48:00.0000000,228,BOM - DEL,false,false
SJ078,SpiceJet,DEL,HYD,2026-04-20T09:41:41.701Z,2026-04-20T12:49:41.701Z,1899-12-31 03:08:00.0000000,188,DEL - HYD,false,false
AI078,Air India,DEL,BOM,2026-04-20T08:58:41.702Z,2026-04-20T13:28:41.702Z,1899-12-31 04:30:00.0000000,270,DEL - BOM,false,false
AI208,Air India,BLR,BOM,2026-04-20T08:38:41.703Z,2026-04-20T11:52:41.703Z,1899-12-31 03:14:00.0000000,194,BLR - BOM,false,false
6F029,IndiGo,BOM,BLR,2026-04-20T07:31:41.701Z,2026-04-20T11:45:41.701Z,1899-12-31 04:14:00.0000000,254,BOM - BLR,false,false
UK206,Vistara,MAA,BLR,2026-04-20T06:01:41.703Z,2026-04-20T10:34:41.703Z,1899-12-31 04:33:00.0000000,273,MAA - BLR,false,false
6F178,IndiGo,BOM,CCU,2026-04-20T04:48:41.703Z,2026-04-20T09:11:41.703Z,1899-12-31 04:23:00.0000000,263,BOM - CCU,false,false
AI189,Air India,CCU,DEL,2026-04-20T03:44:41.703Z,2026-04-20T05:32:41.703Z,1899-12-31 01:48:00.0000000,108,CCU - DEL,false,false
6F187,IndiGo,BOM,MAA,2026-04-20T03:19:41.703Z,2026-04-20T07:37:41.703Z,1899-12-31 04:18:00.0000000,258,BOM - MAA,false,false
6F031,IndiGo,BOM,BLR,2026-04-20T02:00:41.701Z,2026-04-20T06:37:41.701Z,1899-12-31 04:37:00.0000000,277,BOM - BLR,false,false
SJ198,SpiceJet,CCU,BOM,2026-04-20T00:47:41.703Z,2026-04-20T05:28:41.703Z,1899-12-31 04:41:00.0000000,281,CCU - BOM,false,false
AI061,Air India,BOM,CCU,2026-04-19T23:31:41.701Z,2026-04-20T01:02:41.701Z,1899-12-31 01:31:00.0000000,91,BOM - CCU,false,false
6F070,IndiGo,HYD,DEL,2026-04-19T23:23:41.701Z,2026-04-20T02:24:41.701Z,1899-12-31 03:01:00.0000000,181,HYD - DEL,false,false
SJ048,SpiceJet,MAA,BLR,2026-04-19T22:43:41.701Z,2026-04-20T00:19:41.701Z,1899-12-31 01:36:00.0000000,96,MAA - BLR,false,false
6F022,IndiGo,MAA,BLR,2026-04-19T21:46:41.701Z,2026-04-20T02:05:41.701Z,1899-12-31 04:19:00.0000000,259,MAA - BLR,false,false
6F071,IndiGo,DEL,CCU,2026-04-19T20:18:41.702Z,2026-04-20T00:31:41.702Z,1899-12-31 04:13:00.0000000,253,DEL - CCU,false,false
6F249,IndiGo,HYD,BOM,2026-04-19T20:06:41.700Z,2026-04-19T23:13:41.700Z,1899-12-31 03:07:00.0000000,187,HYD - BOM,false,false
SJ192,SpiceJet,HYD,BOM,2026-04-19T18:45:42.000Z,2026-04-18T23:45:42.000Z,-0.791666666671517,300,HYD - BOM,false,false
SJ004,SpiceJet,MAA,DEL,2026-04-19T17:52:41.701Z,2026-04-19T21:01:41.701Z,1899-12-31 03:09:00.0000000,189,MAA - DEL,false,false
6F038,IndiGo,HYD,MAA,2026-04-19T15:36:41.701Z,2026-04-19T19:33:41.701Z,1899-12-31 03:57:00.0000000,237,HYD - MAA,false,false
SJ012,SpiceJet,HYD,BLR,2026-04-19T15:01:41.701Z,2026-04-19T16:12:41.701Z,1899-12-31 01:11:00.0000000,71,HYD - BLR,false,false
AI193,Air India,MAA,HYD,2026-04-19T11:33:41.703Z,2026-04-19T16:07:41.703Z,1899-12-31 04:34:00.0000000,274,MAA - HYD,false,false
AI037,Unknown,BOM,BLR,2026-04-19T11:14:41.701Z,2026-04-19T15:13:41.701Z,1899-12-31 03:59:00.0000000,239,BOM - BLR,false,false
UK220,Vistara,BLR,BOM,2026-04-19T09:51:41.704Z,2026-04-19T13:25:41.704Z,1899-12-31 03:34:00.0000000,214,BLR - BOM,false,false
6F066,IndiGo,BLR,HYD,2026-04-19T06:07:41.701Z,2026-04-19T07:43:41.701Z,1899-12-31 01:36:00.0000000,96,BLR - HYD,false,false
AI033,Air India,MAA,CCU,2026-04-19T05:25:41.701Z,2026-04-19T10:21:41.701Z,1899-12-31 04:56:00.0000000,296,MAA - CCU,false,false
6F115,IndiGo,MAA,BLR,2026-04-19T04:41:41.702Z,2026-04-19T06:23:41.702Z,1899-12-31 01:42:00.0000000,102,MAA - BLR,false,false
SJ079,SpiceJet,HYD,DEL,2026-04-19T01:58:41.702Z,2026-04-19T05:02:41.702Z,1899-12-31 03:04:00.0000000,184,HYD - DEL,false,false
SJ082,SpiceJet,BOM,DEL,2026-04-19T01:54:41.702Z,2026-04-19T02:33:41.702Z,1899-12-31 00:39:00.0000000,39,BOM - DEL,false,false
6F269,Unknown,HYD,MAA,2026-04-19T01:30:41.702Z,2026-04-19T02:52:41.702Z,1899-12-31 01:22:00.0000000,82,HYD - MAA,false,false
6F050,IndiGo,DEL,BOM,2026-04-19T00:35:41.701Z,2026-04-19T04:32:41.701Z,1899-12-31 03:57:00.0000000,237,DEL - BOM,false,false
UK029,Vistara,DEL,BOM,2026-04-18T23:26:41.701Z,2026-04-19T02:15:41.701Z,1899-12-31 02:49:00.0000000,169,DEL - BOM,false,false
6F053,IndiGo,DEL,HYD,2026-04-18T20:26:41.701Z,2026-04-19T00:39:41.701Z,1899-12-31 04:13:00.0000000,253,DEL - HYD,false,false
6F009,IndiGo,BLR,CCU,2026-04-18T20:21:41.701Z,2026-04-18T23:36:41.701Z,1899-12-31 03:15:00.0000000,195,BLR - CCU,false,false
UK082,Vistara,DEL,BOM,2026-04-18T16:50:41.702Z,2026-04-18T21:21:41.702Z,1899-12-31 04:31:00.0000000,271,DEL - BOM,false,false
SJ125,SpiceJet,DEL,BLR,2026-04-18T14:21:41.702Z,2026-04-18T16:55:41.702Z,1899-12-31 02:34:00.0000000,154,DEL - BLR,false,false
AI026,Air India,DEL,BOM,2026-04-18T14:14:41.701Z,2026-04-18T15:13:41.701Z,1899-12-31 00:59:00.0000000,59,DEL - BOM,false,false
6F173,IndiGo,BOM,CCU,2026-04-18T12:19:41.703Z,2026-04-18T13:08:41.703Z,1899-12-31 00:49:00.0000000,49,BOM - CCU,false,false
SJ152,SpiceJet,BOM,DEL,2026-04-18T12:09:41.702Z,2026-04-18T13:50:41.702Z,1899-12-31 01:41:00.0000000,101,BOM - DEL,false,false
6F153,IndiGo,CCU,BLR,2026-04-18T08:23:41.703Z,2026-04-18T12:20:41.703Z,1899-12-31 03:57:00.0000000,237,CCU - BLR,false,false
AI114,Air India,CCU,DEL,2026-04-18T07:48:41.702Z,2026-04-18T09:03:41.702Z,1899-12-31 01:15:00.0000000,75,CCU - DEL,false,false
UK045,Vistara,MAA,HYD,2026-04-18T07:43:41.701Z,2026-04-18T09:28:41.701Z,1899-12-31 01:45:00.0000000,105,MAA - HYD,false,false
6F088,IndiGo,CCU,BLR,2026-04-18T05:51:41.702Z,2026-04-18T08:22:41.702Z,1899-12-31 02:31:00.0000000,151,CCU - BLR,false,false
6F072,IndiGo,BLR,CCU,2026-04-18T02:14:41.702Z,2026-04-18T03:11:41.702Z,1899-12-31 00:57:00.0000000,57,BLR - CCU,false,false
6F045,IndiGo,BOM,HYD,2026-04-17T23:04:41.701Z,2026-04-18T03:38:41.701Z,1899-12-31 04:34:00.0000000,274,BOM - HYD,false,false
UK101,Vistara,DEL,HYD,2026-04-17T15:00:41.702Z,2026-04-17T17:43:41.702Z,1899-12-31 02:43:00.0000000,163,DEL - HYD,false,false
UK124,Vistara,MAA,BLR,2026-04-17T14:35:41.702Z,2026-04-17T17:09:41.702Z,1899-12-31 02:34:00.0000000,154,MAA - BLR,false,false
UK005,Vistara,BOM,MAA,2026-04-17T14:02:41.701Z,2026-04-17T18:14:41.701Z,1899-12-31 04:12:00.0000000,252,BOM - MAA,false,false
AI140,Air India,BOM,DEL,2026-04-20T22:25:41.702Z,2026-04-21T02:08:41.702Z,1899-12-31 03:43:00.0000000,223,BOM - DEL,false,false
SJ205,SpiceJet,HYD,CCU,2026-04-20T21:56:41.703Z,2026-04-20T23:00:41.703Z,1899-12-31 01:04:00.0000000,64,HYD - CCU,false,false
UK055,Vistara,HYD,DEL,2026-04-20T16:48:41.701Z,2026-04-20T19:31:41.701Z,1899-12-31 02:43:00.0000000,163,HYD - DEL,false,false
AI242,Unknown,BLR,CCU,2026-04-20T16:41:41.704Z,2026-04-20T17:43:41.704Z,1899-12-31 01:02:00.0000000,62,BLR - CCU,false,false
UK063,Vistara,DEL,BOM,2026-04-20T16:29:41.701Z,2026-04-20T17:41:41.701Z,1899-12-31 01:12:00.0000000,72,DEL - BOM,false,false
6F180,IndiGo,MAA,BLR,2026-04-20T15:24:41.703Z,2026-04-20T19:48:41.703Z,1899-12-31 04:24:00.0000000,264,MAA - BLR,false,false
6F261,Unknown,CCU,DEL,2026-04-20T14:31:41.703Z,2026-04-20T17:29:41.703Z,1899-12-31 02:58:00.0000000,178,CCU - DEL,false,false
AI077,Air India,CCU,HYD,2026-04-20T13:45:41.702Z,2026-04-20T14:51:41.702Z,1899-12-31 01:06:00.0000000,66,CCU - HYD,false,false
UK133,Vistara,BOM,DEL,2026-04-20T10:04:41.702Z,2026-04-20T13:16:41.702Z,1899-12-31 03:12:00.0000000,192,BOM - DEL,false,false
6F238,IndiGo,BOM,DEL,2026-04-20T08:31:41.704Z,2026-04-20T09:19:41.704Z,1899-12-31 00:48:00.0000000,48,BOM - DEL,false,false
SJ228,SpiceJet,BOM,CCU,2026-04-20T08:29:41.704Z,2026-04-20T12:16:41.704Z,1899-12-31 03:47:00.0000000,227,BOM - CCU,false,false
UK001,Vistara,CCU,DEL,2026-04-20T05:06:41.700Z,2026-04-20T06:31:41.700Z,1899-12-31 01:25:00.0000000,85,CCU - DEL,false,false
UK100,Vistara,CCU,BLR,2026-04-20T04:40:41.702Z,2026-04-20T07:12:41.702Z,1899-12-31 02:32:00.0000000,152,CCU - BLR,false,false
AI068,Air India,BOM,BLR,2026-04-20T02:48:41.702Z,2026-04-20T04:48:42.000Z,1899-12-31 02:00:00.2980000,120,BOM - BLR,false,false
6F272,Unknown,HYD,MAA,2026-04-19T23:35:41.702Z,2026-04-20T00:22:41.702Z,1899-12-31 00:47:00.0000000,47,HYD - MAA,false,false
6F112,IndiGo,HYD,DEL,2026-04-19T21:00:41.702Z,2026-04-19T23:16:41.702Z,1899-12-31 02:16:00.0000000,136,HYD - DEL,false,false
AI237,Air India,BOM,CCU,2026-04-19T19:58:41.704Z,2026-04-19T23:13:41.704Z,1899-12-31 03:15:00.0000000,195,BOM - CCU,false,false
6F014,IndiGo,DEL,MAA,2026-04-19T19:42:41.701Z,2026-04-19T23:15:41.701Z,1899-12-31 03:33:00.0000000,213,DEL - MAA,false,false
AI252,Unknown,HYD,DEL,2026-04-19T17:30:41.704Z,2026-04-19T21:54:41.704Z,1899-12-31 04:24:00.0000000,264,HYD - DEL,false,false
6F125,IndiGo,BOM,CCU,2026-04-19T17:09:41.702Z,2026-04-19T21:13:41.702Z,1899-12-31 04:04:00.0000000,244,BOM - CCU,false,false
AI076,Air India,BLR,BOM,2026-04-19T15:37:41.702Z,2026-04-19T16:12:41.702Z,1899-12-31 00:35:00.0000000,35,BLR - BOM,false,false
6F041,IndiGo,MAA,BOM,2026-04-19T13:19:41.701Z,2026-04-19T16:48:41.701Z,1899-12-31 03:29:00.0000000,209,MAA - BOM,false,false
6F220,IndiGo,HYD,BOM,2026-04-19T10:27:41.704Z,2026-04-19T11:25:41.704Z,1899-12-31 00:58:00.0000000,58,HYD - BOM,false,false
UK065,Vistara,BOM,CCU,2026-04-19T09:38:41.701Z,2026-04-19T13:46:41.701Z,1899-12-31 04:08:00.0000000,248,BOM - CCU,false,false
SJ193,SpiceJet,CCU,DEL,2026-04-19T09:37:41.703Z,2026-04-19T12:16:41.703Z,1899-12-31 02:39:00.0000000,159,CCU - DEL,false,false
AI219,Unknown,BLR,DEL,2026-04-19T09:28:41.703Z,2026-04-19T11:27:41.703Z,1899-12-31 01:59:00.0000000,119,BLR - DEL,false,false
UK118,Vistara,HYD,BLR,2026-04-19T06:22:41.702Z,2026-04-19T07:22:42.000Z,1899-12-31 01:00:00.2980000,60,HYD - BLR,false,false
SJ011,SpiceJet,BOM,MAA,2026-04-19T05:14:41.701Z,2026-04-19T09:59:41.701Z,1899-12-31 04:45:00.0000000,285,BOM - MAA,false,false
SJ147,SpiceJet,BLR,CCU,2026-04-19T04:30:41.702Z,2026-04-19T08:52:41.702Z,1899-12-31 04:22:00.0000000,262,BLR - CCU,false,false
SJ032,SpiceJet,MAA,BOM,2026-04-19T02:11:41.701Z,2026-04-19T04:33:41.701Z,1899-12-31 02:22:00.0000000,142,MAA - BOM,false,false
AI123,Air India,MAA,BOM,2026-04-18T22:19:41.702Z,2026-04-19T00:45:41.702Z,1899-12-31 02:26:00.0000000,146,MAA - BOM,false,false
UK211,Vistara,MAA,CCU,2026-04-18T20:39:41.704Z,2026-04-18T22:02:41.704Z,1899-12-31 01:23:00.0000000,83,MAA - CCU,false,false
6F189,IndiGo,MAA,BLR,2026-04-18T20:08:41.703Z,2026-04-18T21:51:41.703Z,1899-12-31 01:43:00.0000000,103,MAA - BLR,false,false
UK198,Vistara,DEL,BLR,2026-04-18T16:43:41.703Z,2026-04-18T18:18:41.703Z,1899-12-31 01:35:00.0000000,95,DEL - BLR,false,false
SJ024,SpiceJet,DEL,MAA,2026-04-18T16:29:41.701Z,2026-04-18T20:21:41.701Z,1899-12-31 03:52:00.0000000,232,DEL - MAA,false,false
6F167,IndiGo,BLR,BOM,2026-04-18T16:26:41.703Z,2026-04-18T17:50:41.703Z,1899-12-31 01:24:00.0000000,84,BLR - BOM,false,false
SJ104,SpiceJet,HYD,DEL,2026-04-18T10:00:41.702Z,2026-04-18T11:00:42.000Z,1899-12-31 01:00:00.2980000,60,HYD - DEL,false,false
6F208,IndiGo,CCU,BOM,2026-04-18T08:27:41.703Z,2026-04-18T11:34:41.703Z,1899-12-31 03:07:00.0000000,187,CCU - BOM,false,false
6F244,IndiGo,MAA,CCU,2026-04-18T07:07:41.704Z,2026-04-18T08:31:41.704Z,1899-12-31 01:24:00.0000000,84,MAA - CCU,false,false
UK160,Vistara,BLR,BOM,2026-04-18T06:42:41.703Z,2026-04-18T10:58:41.703Z,1899-12-31 04:16:00.0000000,256,BLR - BOM,false,false
AI095,Air India,DEL,MAA,2026-04-18T05:00:41.702Z,2026-04-18T08:18:41.702Z,1899-12-31 03:18:00.0000000,198,DEL - MAA,false,false
6F139,IndiGo,HYD,MAA,2026-04-18T04:55:41.702Z,2026-04-18T08:17:41.702Z,1899-12-31 03:22:00.0000000,202,HYD - MAA,false,false
6F160,IndiGo,MAA,BLR,2026-04-18T04:09:41.703Z,2026-04-18T08:26:41.703Z,1899-12-31 04:17:00.0000000,257,MAA - BLR,false,false
6F095,IndiGo,BLR,MAA,2026-04-18T01:53:41.702Z,2026-04-18T05:34:41.702Z,1899-12-31 03:41:00.0000000,221,BLR - MAA,false,false
UK108,Vistara,DEL,BLR,2026-04-18T00:28:41.702Z,2026-04-18T03:46:41.702Z,1899-12-31 03:18:00.0000000,198,DEL - BLR,false,false
UK217,Vistara,MAA,CCU,2026-04-17T21:19:41.704Z,2026-04-17T22:14:41.704Z,1899-12-31 00:55:00.0000000,55,MAA - CCU,false,false
UK205,Vistara,HYD,MAA,2026-04-17T18:57:41.703Z,2026-04-17T21:46:41.703Z,1899-12-31 02:49:00.0000000,169,HYD - MAA,false,false
6F200,IndiGo,HYD,DEL,2026-04-17T14:54:41.703Z,2026-04-17T19:41:41.703Z,1899-12-31 04:47:00.0000000,287,HYD - DEL,false,false
6F044,IndiGo,DEL,HYD,2026-04-17T13:25:41.701Z,2026-04-17T17:36:41.701Z,1899-12-31 04:11:00.0000000,251,DEL - HYD,false,false
AI052,Air India,CCU,MAA,2026-04-17T13:06:41.701Z,2026-04-17T15:42:41.701Z,1899-12-31 02:36:00.0000000,156,CCU - MAA,false,false
AI093,Air India,BOM,BLR,2026-04-17T12:35:41.702Z,2026-04-17T17:28:41.702Z,1899-12-31 04:53:00.0000000,293,BOM - BLR,false,false
AI137,Air India,BOM,DEL,2026-04-20T22:49:41.702Z,2026-04-21T01:17:41.702Z,1899-12-31 02:28:00.0000000,148,BOM - DEL,false,false
UK140,Vistara,MAA,BLR,2026-04-20T19:37:41.703Z,2026-04-20T21:00:41.703Z,1899-12-31 01:23:00.0000000,83,MAA - BLR,false,false
AI115,Air India,MAA,BLR,2026-04-20T19:37:41.702Z,2026-04-21T00:26:41.702Z,1899-12-31 04:49:00.0000000,289,MAA - BLR,false,false
UK145,Vistara,BOM,HYD,2026-04-20T18:30:41.703Z,2026-04-20T20:41:41.703Z,1899-12-31 02:11:00.0000000,131,BOM - HYD,false,false
SJ116,SpiceJet,HYD,CCU,2026-04-20T17:33:41.702Z,2026-04-20T19:02:41.702Z,1899-12-31 01:29:00.0000000,89,HYD - CCU,false,false
UK077,Unknown,HYD,BOM,2026-04-20T16:22:41.702Z,2026-04-20T18:00:41.702Z,1899-12-31 01:38:00.0000000,98,HYD - BOM,false,false
6F030,IndiGo,BOM,DEL,2026-04-20T14:20:41.701Z,2026-04-20T17:10:41.701Z,1899-12-31 02:50:00.0000000,170,BOM - DEL,false,false
UK083,Vistara,DEL,HYD,2026-04-20T14:10:41.702Z,2026-04-20T14:59:41.702Z,1899-12-31 00:49:00.0000000,49,DEL - HYD,false,false
UK141,Unknown,HYD,MAA,2026-04-20T13:38:41.703Z,2026-04-20T15:59:41.703Z,1899-12-31 02:21:00.0000000,141,HYD - MAA,false,false
6F084,IndiGo,CCU,HYD,2026-04-20T10:34:41.702Z,2026-04-20T11:34:42.000Z,1899-12-31 01:00:00.2980000,60,CCU - HYD,false,false
UK076,Vistara,MAA,CCU,2026-04-20T08:03:41.702Z,2026-04-20T12:26:41.702Z,1899-12-31 04:23:00.0000000,263,MAA - CCU,false,false
UK185,Vistara,DEL,MAA,2026-04-20T07:31:41.703Z,2026-04-20T08:48:41.703Z,1899-12-31 01:17:00.0000000,77,DEL - MAA,false,false
AI062,Air India,MAA,DEL,2026-04-20T06:49:41.701Z,2026-04-20T07:25:41.701Z,1899-12-31 00:36:00.0000000,36,MAA - DEL,false,false
SJ127,SpiceJet,BOM,DEL,2026-04-20T01:21:41.702Z,2026-04-20T03:58:41.702Z,1899-12-31 02:37:00.0000000,157,BOM - DEL,false,false
UK146,Vistara,BOM,MAA,2026-04-19T21:40:41.703Z,2026-04-20T00:08:41.703Z,1899-12-31 02:28:00.0000000,148,BOM - MAA,false,false
AI071,Air India,BOM,MAA,2026-04-19T19:55:41.702Z,2026-04-19T22:58:41.702Z,1899-12-31 03:03:00.0000000,183,BOM - MAA,false,false
UK007,Vistara,DEL,HYD,2026-04-19T18:50:41.701Z,2026-04-19T21:04:41.701Z,1899-12-31 02:14:00.0000000,134,DEL - HYD,false,false
6F127,IndiGo,HYD,BOM,2026-04-19T18:27:41.702Z,2026-04-19T22:28:41.702Z,1899-12-31 04:01:00.0000000,241,HYD - BOM,false,false
6F085,IndiGo,HYD,MAA,2026-04-19T17:32:41.702Z,2026-04-19T19:32:42.000Z,1899-12-31 02:00:00.2980000,120,HYD - MAA,false,false
6F224,IndiGo,DEL,MAA,2026-04-19T16:53:41.704Z,2026-04-19T18:52:41.704Z,1899-12-31 01:59:00.0000000,119,DEL - MAA,false,false
6F140,IndiGo,CCU,HYD,2026-04-19T16:30:41.702Z,2026-04-19T18:21:41.702Z,1899-12-31 01:51:00.0000000,111,CCU - HYD,false,false
UK190,Vistara,DEL,BLR,2026-04-19T15:49:41.703Z,2026-04-19T18:53:41.703Z,1899-12-31 03:04:00.0000000,184,DEL - BLR,false,false
AI225,Air India,BOM,BLR,2026-04-19T15:05:41.703Z,2026-04-19T16:01:41.703Z,1899-12-31 00:56:00.0000000,56,BOM - BLR,false,false
SJ050,SpiceJet,HYD,CCU,2026-04-19T11:24:41.701Z,2026-04-19T12:03:41.701Z,1899-12-31 00:39:00.0000000,39,HYD - CCU,false,false
AI086,Air India,CCU,HYD,2026-04-19T07:13:41.702Z,2026-04-19T10:09:41.702Z,1899-12-31 02:56:00.0000000,176,CCU - HYD,false,false
6F263,Unknown,DEL,HYD,2026-04-19T07:07:41.703Z,2026-04-19T08:30:41.703Z,1899-12-31 01:23:00.0000000,83,DEL - HYD,false,false
SJ014,SpiceJet,BOM,HYD,2026-04-19T05:40:41.701Z,2026-04-19T06:39:41.701Z,1899-12-31 00:59:00.0000000,59,BOM - HYD,false,false
SJ045,SpiceJet,DEL,MAA,2026-04-19T04:16:41.701Z,2026-04-19T09:03:41.701Z,1899-12-31 04:47:00.0000000,287,DEL - MAA,false,false
SJ213,SpiceJet,BOM,CCU,2026-04-19T01:19:41.703Z,2026-04-19T04:48:41.703Z,1899-12-31 03:29:00.0000000,209,BOM - CCU,false,false
6F136,IndiGo,CCU,DEL,2026-04-18T20:24:41.702Z,2026-04-18T21:01:41.702Z,1899-12-31 00:37:00.0000000,37,CCU - DEL,false,false
UK006,Vistara,MAA,CCU,2026-04-18T20:16:41.701Z,2026-04-18T21:55:41.701Z,1899-12-31 01:39:00.0000000,99,MAA - CCU,false,false
6F035,IndiGo,CCU,HYD,2026-04-18T19:16:41.701Z,2026-04-18T23:40:41.701Z,1899-12-31 04:24:00.0000000,264,CCU - HYD,false,false
AI050,Air India,BLR,BOM,2026-04-18T17:07:41.701Z,2026-04-18T19:42:41.701Z,1899-12-31 02:35:00.0000000,155,BLR - BOM,false,false
6F027,IndiGo,BLR,DEL,2026-04-18T16:52:41.701Z,2026-04-18T18:21:41.701Z,1899-12-31 01:29:00.0000000,89,BLR - DEL,false,false
AI016,Air India,BOM,CCU,2026-04-18T14:15:41.701Z,2026-04-18T18:38:41.701Z,1899-12-31 04:23:00.0000000,263,BOM - CCU,false,false
SJ224,SpiceJet,DEL,MAA,2026-04-18T12:41:41.703Z,2026-04-18T15:33:41.703Z,1899-12-31 02:52:00.0000000,172,DEL - MAA,false,false
AI170,Air India,HYD,DEL,2026-04-18T11:27:41.703Z,2026-04-18T15:50:41.703Z,1899-12-31 04:23:00.0000000,263,HYD - DEL,false,false
6F138,IndiGo,HYD,BLR,2026-04-18T09:49:41.702Z,2026-04-18T12:53:41.702Z,1899-12-31 03:04:00.0000000,184,HYD - BLR,false,false
SJ128,SpiceJet,CCU,BLR,2026-04-18T07:39:41.702Z,2026-04-18T10:42:41.702Z,1899-12-31 03:03:00.0000000,183,CCU - BLR,false,false
AI104,Air India,MAA,HYD,2026-04-18T07:35:41.702Z,2026-04-18T09:20:41.702Z,1899-12-31 01:45:00.0000000,105,MAA - HYD,false,false
6F060,IndiGo,DEL,BLR,2026-04-18T05:29:41.701Z,2026-04-18T07:29:42.000Z,1899-12-31 02:00:00.2990000,120,DEL - BLR,false,false
UK032,Vistara,BLR,BOM,2026-04-18T03:31:41.701Z,2026-04-18T07:28:41.701Z,1899-12-31 03:57:00.0000000,237,BLR - BOM,false,false
6F247,IndiGo,DEL,HYD,2026-04-18T01:27:41.702Z,2026-04-18T02:45:41.702Z,1899-12-31 01:18:00.0000000,78,DEL - HYD,false,false
SJ223,SpiceJet,HYD,MAA,2026-04-17T23:54:41.703Z,2026-04-18T01:08:41.703Z,1899-12-31 01:14:00.0000000,74,HYD - MAA,false,false
AI214,Air India,CCU,DEL,2026-04-17T22:23:41.703Z,2026-04-18T02:49:41.703Z,1899-12-31 04:26:00.0000000,266,CCU - DEL,false,false
UK114,Vistara,HYD,CCU,2026-04-17T22:10:41.702Z,2026-04-17T23:58:41.702Z,1899-12-31 01:48:00.0000000,108,HYD - CCU,false,false
UK180,Vistara,CCU,MAA,2026-04-17T21:18:41.703Z,2026-04-17T23:29:41.703Z,1899-12-31 02:11:00.0000000,131,CCU - MAA,false,false
UK230,Vistara,BLR,BOM,2026-04-17T20:02:41.704Z,2026-04-17T21:35:41.704Z,1899-12-31 01:33:00.0000000,93,BLR - BOM,false,false
SJ041,SpiceJet,CCU,HYD,2026-04-17T18:24:41.701Z,2026-04-17T22:59:41.701Z,1899-12-31 04:35:00.0000000,275,CCU - HYD,false,false
6F207,IndiGo,BOM,HYD,2026-04-17T16:59:41.703Z,2026-04-17T21:00:41.703Z,1899-12-31 04:01:00.0000000,241,BOM - HYD,false,false
SJ177,SpiceJet,BOM,CCU,2026-04-17T13:04:41.703Z,2026-04-17T17:37:41.703Z,1899-12-31 04:33:00.0000000,273,BOM - CCU,false,false
6F251,Unknown,DEL,BLR,2026-04-20T22:56:41.703Z,2026-04-20T23:37:41.703Z,1899-12-31 00:41:00.0000000,41,DEL - BLR,false,false
UK036,Vistara,CCU,BLR,2026-04-20T19:48:41.701Z,2026-04-21T00:12:41.701Z,1899-12-31 04:24:00.0000000,264,CCU - BLR,false,false
6F149,IndiGo,BLR,CCU,2026-04-20T17:57:41.703Z,2026-04-20T20:42:41.703Z,1899-12-31 02:45:00.0000000,165,BLR - CCU,false,false
UK153,Vistara,CCU,HYD,2026-04-20T16:52:41.703Z,2026-04-20T20:53:41.703Z,1899-12-31 04:01:00.0000000,241,CCU - HYD,false,false
6F097,IndiGo,BLR,BOM,2026-04-20T15:32:41.702Z,2026-04-20T16:49:41.702Z,1899-12-31 01:17:00.0000000,77,BLR - BOM,false,false
UK189,Vistara,BLR,MAA,2026-04-20T15:07:41.703Z,2026-04-20T18:51:41.703Z,1899-12-31 03:44:00.0000000,224,BLR - MAA,false,false
6F254,Unknown,MAA,BLR,2026-04-20T14:26:41.703Z,2026-04-20T18:01:41.703Z,1899-12-31 03:35:00.0000000,215,MAA - BLR,false,false
AI091,Air India,CCU,MAA,2026-04-20T10:52:41.702Z,2026-04-20T15:15:41.702Z,1899-12-31 04:23:00.0000000,263,CCU - MAA,false,false
UK040,Vistara,HYD,CCU,2026-04-20T09:15:41.701Z,2026-04-20T10:32:41.701Z,1899-12-31 01:17:00.0000000,77,HYD - CCU,false,false
UK154,Vistara,MAA,HYD,2026-04-20T04:00:41.703Z,2026-04-20T07:57:41.703Z,1899-12-31 03:57:00.0000000,237,MAA - HYD,false,false
UK008,Vistara,CCU,BLR,2026-04-20T03:57:41.701Z,2026-04-20T04:34:41.701Z,1899-12-31 00:37:00.0000000,37,CCU - BLR,false,false
SJ169,SpiceJet,BOM,MAA,2026-04-20T03:10:41.703Z,2026-04-20T07:56:41.703Z,1899-12-31 04:46:00.0000000,286,BOM - MAA,false,false
UK188,Vistara,MAA,BLR,2026-04-20T02:55:41.703Z,2026-04-20T03:44:41.703Z,1899-12-31 00:49:00.0000000,49,MAA - BLR,false,false
AI102,Air India,CCU,BLR,2026-04-20T00:17:41.702Z,2026-04-20T05:08:41.702Z,1899-12-31 04:51:00.0000000,291,CCU - BLR,false,false
UK158,Vistara,BOM,MAA,2026-04-19T20:49:41.703Z,2026-04-19T21:22:41.703Z,1899-12-31 00:33:00.0000000,33,BOM - MAA,false,false
AI241,Air India,HYD,BLR,2026-04-19T20:11:41.704Z,2026-04-19T22:18:41.704Z,1899-12-31 02:07:00.0000000,127,HYD - BLR,false,false
SJ084,SpiceJet,HYD,MAA,2026-04-19T18:31:41.702Z,2026-04-19T19:30:41.702Z,1899-12-31 00:59:00.0000000,59,HYD - MAA,false,false
SJ243,SpiceJet,BLR,DEL,2026-04-19T18:17:41.704Z,2026-04-19T23:03:41.704Z,1899-12-31 04:46:00.0000000,286,BLR - DEL,false,false
AI010,Air India,BOM,HYD,2026-04-19T15:00:41.701Z,2026-04-19T19:48:41.701Z,1899-12-31 04:48:00.0000000,288,BOM - HYD,false,false
SJ038,SpiceJet,BLR,DEL,2026-04-19T14:57:41.701Z,2026-04-19T17:46:41.701Z,1899-12-31 02:49:00.0000000,169,BLR - DEL,false,false
AI073,Air India,BOM,BLR,2026-04-19T14:08:41.702Z,2026-04-19T16:10:41.702Z,1899-12-31 02:02:00.0000000,122,BOM - BLR,false,false
UK058,Vistara,MAA,BOM,2026-04-19T13:46:41.701Z,2026-04-19T17:04:41.701Z,1899-12-31 03:18:00.0000000,198,MAA - BOM,false,false
SJ238,SpiceJet,MAA,BLR,2026-04-19T11:41:41.704Z,2026-04-19T15:39:41.704Z,1899-12-31 03:58:00.0000000,238,MAA - BLR,false,false
UK184,Vistara,MAA,HYD,2026-04-19T10:49:41.703Z,2026-04-19T13:00:41.703Z,1899-12-31 02:11:00.0000000,131,MAA - HYD,false,false
UK024,Vistara,MAA,BLR,2026-04-19T08:29:41.701Z,2026-04-19T13:29:41.701Z,1899-12-31 05:00:00.0000000,300,MAA - BLR,false,false
SJ122,SpiceJet,CCU,BOM,2026-04-19T05:22:41.702Z,2026-04-19T10:09:41.702Z,1899-12-31 04:47:00.0000000,287,CCU - BOM,false,false
SJ026,SpiceJet,CCU,MAA,2026-04-19T05:22:41.701Z,2026-04-19T09:40:41.701Z,1899-12-31 04:18:00.0000000,258,CCU - MAA,false,false
AI106,Air India,HYD,BLR,2026-04-19T02:07:41.702Z,2026-04-19T03:20:41.702Z,1899-12-31 01:13:00.0000000,73,HYD - BLR,false,false
6F087,IndiGo,DEL,HYD,2026-04-18T23:24:41.702Z,2026-04-19T03:10:41.702Z,1899-12-31 03:46:00.0000000,226,DEL - HYD,false,false
UK081,Unknown,BLR,DEL,2026-04-18T22:00:41.702Z,2026-04-18T23:00:41.702Z,1899-12-31 01:00:00.0000000,60,BLR - DEL,false,false
AI209,Air India,BLR,CCU,2026-04-18T17:25:41.703Z,2026-04-18T18:37:41.703Z,1899-12-31 01:12:00.0000000,72,BLR - CCU,false,false
AI011,Air India,CCU,BOM,2026-04-18T16:58:41.701Z,2026-04-18T21:01:41.701Z,1899-12-31 04:03:00.0000000,243,CCU - BOM,false,false
6F055,IndiGo,DEL,CCU,2026-04-18T16:21:41.701Z,2026-04-18T18:49:41.701Z,1899-12-31 02:28:00.0000000,148,DEL - CCU,false,false
SJ126,SpiceJet,DEL,BLR,2026-04-18T13:47:41.702Z,2026-04-18T16:31:41.702Z,1899-12-31 02:44:00.0000000,164,DEL - BLR,false,false
AI018,Air India,BOM,CCU,2026-04-18T13:12:41.701Z,2026-04-18T18:04:41.701Z,1899-12-31 04:52:00.0000000,292,BOM - CCU,false,false
UK038,Vistara,MAA,CCU,2026-04-18T12:22:41.701Z,2026-04-18T15:31:41.701Z,1899-12-31 03:09:00.0000000,189,MAA - CCU,false,false
6F124,IndiGo,BLR,BOM,2026-04-18T10:47:41.702Z,2026-04-18T15:21:41.702Z,1899-12-31 04:34:00.0000000,274,BLR - BOM,false,false
6F048,IndiGo,HYD,DEL,2026-04-18T10:27:41.701Z,2026-04-18T11:18:41.701Z,1899-12-31 00:51:00.0000000,51,HYD - DEL,false,false
AI156,Air India,CCU,BOM,2026-04-18T07:39:41.703Z,2026-04-18T09:22:41.703Z,1899-12-31 01:43:00.0000000,103,CCU - BOM,false,false
AI167,Air India,BLR,DEL,2026-04-18T06:43:41.703Z,2026-04-18T11:10:41.703Z,1899-12-31 04:27:00.0000000,267,BLR - DEL,false,false
UK214,Vistara,HYD,DEL,2026-04-18T05:30:41.704Z,2026-04-18T09:10:41.704Z,1899-12-31 03:40:00.0000000,220,HYD - DEL,false,false
UK019,Vistara,BOM,HYD,2026-04-18T03:41:41.701Z,2026-04-18T04:35:41.701Z,1899-12-31 00:54:00.0000000,54,BOM - HYD,false,false
SJ100,SpiceJet,MAA,BLR,2026-04-18T03:28:41.702Z,2026-04-18T06:50:41.702Z,1899-12-31 03:22:00.0000000,202,MAA - BLR,false,false
AI121,Air India,HYD,MAA,2026-04-18T02:42:41.702Z,2026-04-18T06:11:41.702Z,1899-12-31 03:29:00.0000000,209,HYD - MAA,false,false
SJ129,SpiceJet,CCU,BOM,2026-04-18T01:48:41.702Z,2026-04-18T05:48:41.702Z,1899-12-31 04:00:00.0000000,240,CCU - BOM,false,false
6F231,IndiGo,HYD,MAA,2026-04-18T01:16:41.704Z,2026-04-18T05:43:41.704Z,1899-12-31 04:27:00.0000000,267,HYD - MAA,false,false
SJ095,SpiceJet,DEL,MAA,2026-04-17T20:09:41.702Z,2026-04-17T23:13:41.702Z,1899-12-31 03:04:00.0000000,184,DEL - MAA,false,false
SJ145,SpiceJet,BLR,HYD,2026-04-17T17:41:41.702Z,2026-04-17T20:38:41.702Z,1899-12-31 02:57:00.0000000,177,BLR - HYD,false,false
6F239,IndiGo,CCU,BOM,2026-04-17T15:24:41.704Z,2026-04-17T17:37:41.704Z,1899-12-31 02:13:00.0000000,133,CCU - BOM,false,false
AI153,Air India,BOM,CCU,2026-04-17T15:02:41.703Z,2026-04-17T16:30:41.703Z,1899-12-31 01:28:00.0000000,88,BOM - CCU,false,false
AI075,Air India,CCU,DEL,2026-04-17T13:51:41.702Z,2026-04-17T16:49:41.702Z,1899-12-31 02:58:00.0000000,178,CCU - DEL,false,false
UK062,Vistara,HYD,DEL,2026-04-17T12:33:41.701Z,2026-04-17T15:35:41.701Z,1899-12-31 03:02:00.0000000,182,HYD - DEL,false,false
SJ149,SpiceJet,HYD,MAA,2026-04-20T21:20:41.702Z,2026-04-20T23:20:42.000Z,1899-12-31 02:00:00.2980000,120,HYD - MAA,false,false
AI132,Air India,BLR,BOM,2026-04-20T19:32:41.702Z,2026-04-20T21:41:41.702Z,1899-12-31 02:09:00.0000000,129,BLR - BOM,false,false
6F043,IndiGo,BOM,HYD,2026-04-20T17:17:41.701Z,2026-04-20T18:43:41.701Z,1899-12-31 01:26:00.0000000,86,BOM - HYD,false,false
UK131,Vistara,BOM,DEL,2026-04-20T15:33:41.702Z,2026-04-20T19:39:41.702Z,1899-12-31 04:06:00.0000000,246,BOM - DEL,false,false
6F152,IndiGo,CCU,DEL,2026-04-20T15:21:41.703Z,2026-04-20T17:25:41.703Z,1899-12-31 02:04:00.0000000,124,CCU - DEL,false,false
SJ142,SpiceJet,CCU,BOM,2026-04-20T15:14:41.702Z,2026-04-20T16:56:41.702Z,1899-12-31 01:42:00.0000000,102,CCU - BOM,false,false
AI094,Air India,DEL,BLR,2026-04-20T14:44:41.702Z,2026-04-20T15:44:42.000Z,1899-12-31 01:00:00.2980000,60,DEL - BLR,false,false
6F129,IndiGo,DEL,CCU,2026-04-20T14:28:41.702Z,2026-04-20T16:47:41.702Z,1899-12-31 02:19:00.0000000,139,DEL - CCU,false,false
6F051,IndiGo,BLR,BOM,2026-04-20T13:58:41.701Z,2026-04-20T15:58:41.701Z,1899-12-31 02:00:00.0000000,120,BLR - BOM,false,false
UK156,Vistara,MAA,BLR,2026-04-20T11:50:41.703Z,2026-04-20T15:54:41.703Z,1899-12-31 04:04:00.0000000,244,MAA - BLR,false,false
6F018,IndiGo,DEL,BLR,2026-04-20T10:57:41.701Z,2026-04-20T11:43:41.701Z,1899-12-31 00:46:00.0000000,46,DEL - BLR,false,false
6F091,IndiGo,BLR,CCU,2026-04-20T10:10:41.702Z,2026-04-20T11:36:41.702Z,1899-12-31 01:26:00.0000000,86,BLR - CCU,false,false
SJ052,SpiceJet,MAA,BLR,2026-04-20T08:20:41.701Z,2026-04-20T09:57:41.701Z,1899-12-31 01:37:00.0000000,97,MAA - BLR,false,false
AI047,Unknown,CCU,MAA,2026-04-20T06:36:41.701Z,2026-04-20T07:23:41.701Z,1899-12-31 00:47:00.0000000,47,CCU - MAA,false,false
AI012,Air India,BOM,CCU,2026-04-20T05:44:41.701Z,2026-04-20T09:47:41.701Z,1899-12-31 04:03:00.0000000,243,BOM - CCU,false,false
UK203,Vistara,BLR,HYD,2026-04-20T04:12:41.703Z,2026-04-20T05:24:41.703Z,1899-12-31 01:12:00.0000000,72,BLR - HYD,false,false
UK051,Vistara,HYD,DEL,2026-04-20T03:55:41.701Z,2026-04-20T06:55:41.701Z,1899-12-31 03:00:00.0000000,180,HYD - DEL,false,false
SJ114,SpiceJet,HYD,DEL,2026-04-19T22:42:41.702Z,2026-04-20T02:02:41.702Z,1899-12-31 03:20:00.0000000,200,HYD - DEL,false,false
UK041,Vistara,HYD,MAA,2026-04-19T22:37:41.701Z,2026-04-19T23:44:41.701Z,1899-12-31 01:07:00.0000000,67,HYD - MAA,false,false
6F113,IndiGo,BOM,CCU,2026-04-19T21:04:41.702Z,2026-04-20T01:30:41.702Z,1899-12-31 04:26:00.0000000,266,BOM - CCU,false,false
6F003,IndiGo,HYD,BOM,2026-04-19T20:06:41.700Z,2026-04-19T23:13:41.700Z,1899-12-31 03:07:00.0000000,187,HYD - BOM,false,false
SJ134,SpiceJet,BOM,CCU,2026-04-19T19:58:41.702Z,2026-04-20T00:15:41.702Z,1899-12-31 04:17:00.0000000,257,BOM - CCU,false,false
UK123,Vistara,BOM,DEL,2026-04-19T17:24:41.702Z,2026-04-19T20:18:41.702Z,1899-12-31 02:54:00.0000000,174,BOM - DEL,false,false
AI248,Air India,CCU,DEL,2026-04-19T15:17:41.704Z,2026-04-19T16:35:41.704Z,1899-12-31 01:18:00.0000000,78,CCU - DEL,false,false
UK155,Vistara,MAA,HYD,2026-04-19T14:34:41.703Z,2026-04-19T18:37:41.703Z,1899-12-31 04:03:00.0000000,243,MAA - HYD,false,false
AI181,Air India,MAA,HYD,2026-04-19T13:29:41.703Z,2026-04-19T16:55:41.703Z,1899-12-31 03:26:00.0000000,206,MAA - HYD,false,false
6F211,IndiGo,MAA,BLR,2026-04-19T11:29:41.703Z,2026-04-19T16:20:41.703Z,1899-12-31 04:51:00.0000000,291,MAA - BLR,false,false
SJ199,SpiceJet,HYD,BOM,2026-04-19T11:29:41.703Z,2026-04-19T13:59:41.703Z,1899-12-31 02:30:00.0000000,150,HYD - BOM,false,false
AI207,Air India,BOM,MAA,2026-04-19T08:24:41.703Z,2026-04-19T11:23:41.703Z,1899-12-31 02:59:00.0000000,179,BOM - MAA,false,false
SJ168,SpiceJet,CCU,BOM,2026-04-19T08:17:41.703Z,2026-04-19T12:29:41.703Z,1899-12-31 04:12:00.0000000,252,CCU - BOM,false,false
UK022,Vistara,DEL,HYD,2026-04-19T06:22:41.701Z,2026-04-19T10:59:41.701Z,1899-12-31 04:37:00.0000000,277,DEL - HYD,false,false
AI023,Air India,HYD,BLR,2026-04-19T06:10:41.701Z,2026-04-19T09:35:41.701Z,1899-12-31 03:25:00.0000000,205,HYD - BLR,false,false
SJ245,SpiceJet,BOM,DEL,2026-04-19T06:07:41.704Z,2026-04-19T09:39:41.704Z,1899-12-31 03:32:00.0000000,212,BOM - DEL,false,false
UK201,Vistara,HYD,BOM,2026-04-19T04:29:41.703Z,2026-04-19T06:42:41.703Z,1899-12-31 02:13:00.0000000,133,HYD - BOM,false,false
AI143,Air India,CCU,DEL,2026-04-19T03:58:41.702Z,2026-04-19T04:36:41.702Z,1899-12-31 00:38:00.0000000,38,CCU - DEL,false,false
6F067,IndiGo,MAA,BLR,2026-04-19T02:59:41.701Z,2026-04-19T06:02:41.701Z,1899-12-31 03:03:00.0000000,183,MAA - BLR,false,false
SJ246,SpiceJet,BOM,DEL,2026-04-19T02:47:41.704Z,2026-04-19T03:47:42.000Z,1899-12-31 01:00:00.2960000,60,BOM - DEL,false,false
UK172,Vistara,DEL,BOM,2026-04-19T02:20:41.703Z,2026-04-19T05:21:41.703Z,1899-12-31 03:01:00.0000000,181,DEL - BOM,false,false
SJ139,SpiceJet,DEL,BLR,2026-04-19T02:20:41.702Z,2026-04-19T06:02:41.702Z,1899-12-31 03:42:00.0000000,222,DEL - BLR,false,false
SJ195,SpiceJet,BOM,CCU,2026-04-18T20:41:41.703Z,2026-04-18T23:54:41.703Z,1899-12-31 03:13:00.0000000,193,BOM - CCU,false,false
AI131,Air India,MAA,BOM,2026-04-18T19:55:41.702Z,2026-04-18T22:35:41.702Z,1899-12-31 02:40:00.0000000,160,MAA - BOM,false,false
SJ066,SpiceJet,HYD,CCU,2026-04-18T17:47:41.701Z,2026-04-18T19:03:41.701Z,1899-12-31 01:16:00.0000000,76,HYD - CCU,false,false
UK182,Vistara,HYD,CCU,2026-04-18T14:19:41.703Z,2026-04-18T18:25:41.703Z,1899-12-31 04:06:00.0000000,246,HYD - CCU,false,false
AI074,Air India,CCU,BOM,2026-04-18T12:03:41.702Z,2026-04-18T12:50:41.702Z,1899-12-31 00:47:00.0000000,47,CCU - BOM,false,false
UK016,Vistara,DEL,CCU,2026-04-18T10:42:41.701Z,2026-04-18T11:22:41.701Z,1899-12-31 00:40:00.0000000,40,DEL - CCU,false,false
AI117,Air India,HYD,BLR,2026-04-18T08:18:41.702Z,2026-04-18T10:09:41.702Z,1899-12-31 01:51:00.0000000,111,HYD - BLR,false,false
6F267,Unknown,DEL,MAA,2026-04-18T07:56:41.703Z,2026-04-18T11:49:41.703Z,1899-12-31 03:53:00.0000000,233,DEL - MAA,false,false
AI063,Air India,HYD,BLR,2026-04-18T07:03:41.701Z,2026-04-18T11:26:41.701Z,1899-12-31 04:23:00.0000000,263,HYD - BLR,false,false
UK129,Vistara,HYD,MAA,2026-04-18T06:29:41.702Z,2026-04-18T07:29:42.000Z,1899-12-31 01:00:00.2980000,60,HYD - MAA,false,false
6F121,IndiGo,HYD,MAA,2026-04-18T05:44:41.702Z,2026-04-18T10:42:41.702Z,1899-12-31 04:58:00.0000000,298,HYD - MAA,false,false
SJ123,SpiceJet,BOM,CCU,2026-04-18T03:57:41.702Z,2026-04-18T05:25:41.702Z,1899-12-31 01:28:00.0000000,88,BOM - CCU,false,false
6F082,IndiGo,BOM,BLR,2026-04-17T20:26:41.702Z,2026-04-17T22:26:41.702Z,1899-12-31 02:00:00.0000000,120,BOM - BLR,false,false
6F147,IndiGo,HYD,MAA,2026-04-17T19:57:41.703Z,2026-04-18T00:31:41.703Z,1899-12-31 04:34:00.0000000,274,HYD - MAA,false,false
6F080,IndiGo,HYD,MAA,2026-04-17T19:47:41.702Z,2026-04-17T23:13:41.702Z,1899-12-31 03:26:00.0000000,206,HYD - MAA,false,false
AI199,Air India,HYD,DEL,2026-04-17T18:47:41.703Z,2026-04-17T22:26:41.703Z,1899-12-31 03:39:00.0000000,219,HYD - DEL,false,false
UK030,Vistara,CCU,DEL,2026-04-17T15:11:41.701Z,2026-04-17T19:38:41.701Z,1899-12-31 04:27:00.0000000,267,CCU - DEL,false,false
AI174,Air India,DEL,CCU,2026-04-17T14:45:41.703Z,2026-04-17T17:01:41.703Z,1899-12-31 02:16:00.0000000,136,DEL - CCU,false,false
UK132,Vistara,BOM,DEL,2026-04-17T14:12:41.702Z,2026-04-17T16:19:41.702Z,1899-12-31 02:07:00.0000000,127,BOM - DEL,false,false
AI155,Air India,BOM,CCU,2026-04-20T23:35:41.703Z,2026-04-21T01:23:41.703Z,1899-12-31 01:48:00.0000000,108,BOM - CCU,false,false
6F026,IndiGo,BOM,CCU,2026-04-20T22:46:42.000Z,2026-04-21T03:13:42.000Z,1899-12-31 04:27:00.0000000,267,BOM - CCU,false,false
AI048,Air India,CCU,DEL,2026-04-20T22:23:41.701Z,2026-04-21T02:15:41.701Z,1899-12-31 03:52:00.0000000,232,CCU - DEL,false,false
UK021,Vistara,HYD,MAA,2026-04-20T22:00:41.701Z,2026-04-20T23:50:41.701Z,1899-12-31 01:50:00.0000000,110,HYD - MAA,false,false
SJ047,SpiceJet,HYD,BOM,2026-04-20T20:44:41.701Z,2026-04-20T21:21:41.701Z,1899-12-31 00:37:00.0000000,37,HYD - BOM,false,false
6F236,IndiGo,BOM,DEL,2026-04-20T20:35:41.704Z,2026-04-20T23:54:41.704Z,1899-12-31 03:19:00.0000000,199,BOM - DEL,false,false
6F086,IndiGo,MAA,HYD,2026-04-20T20:23:41.702Z,2026-04-20T21:00:41.702Z,1899-12-31 00:37:00.0000000,37,MAA - HYD,false,false
SJ179,SpiceJet,DEL,HYD,2026-04-20T20:09:41.703Z,2026-04-20T23:39:41.703Z,1899-12-31 03:30:00.0000000,210,DEL - HYD,false,false
SJ003,SpiceJet,MAA,CCU,2026-04-20T19:50:41.701Z,2026-04-20T20:32:41.701Z,1899-12-31 00:42:00.0000000,42,MAA - CCU,false,false
SJ160,SpiceJet,MAA,BLR,2026-04-20T19:45:41.703Z,2026-04-20T20:30:41.703Z,1899-12-31 00:45:00.0000000,45,MAA - BLR,false,false
UK216,Vistara,MAA,HYD,2026-04-20T18:33:41.704Z,2026-04-20T21:47:41.704Z,1899-12-31 03:14:00.0000000,194,MAA - HYD,false,false
6F012,IndiGo,CCU,HYD,2026-04-20T18:06:41.701Z,2026-04-20T21:31:41.701Z,1899-12-31 03:25:00.0000000,205,CCU - HYD,false,false
6F194,IndiGo,BOM,CCU,2026-04-20T16:29:41.703Z,2026-04-20T18:27:41.703Z,1899-12-31 01:58:00.0000000,118,BOM - CCU,false,false
AI221,Air India,MAA,HYD,2026-04-20T16:18:41.703Z,2026-04-20T18:54:41.703Z,1899-12-31 02:36:00.0000000,156,MAA - HYD,false,false
6F047,IndiGo,MAA,DEL,2026-04-20T13:50:41.701Z,2026-04-20T15:55:41.701Z,1899-12-31 02:05:00.0000000,125,MAA - DEL,false,false
UK017,Vistara,BLR,HYD,2026-04-20T13:14:41.701Z,2026-04-20T14:49:41.701Z,1899-12-31 01:35:00.0000000,95,BLR - HYD,false,false
6F255,Unknown,DEL,BOM,2026-04-20T11:59:41.703Z,2026-04-20T15:33:41.703Z,1899-12-31 03:34:00.0000000,214,DEL - BOM,false,false
UK228,Vistara,DEL,MAA,2026-04-20T11:58:41.704Z,2026-04-20T15:08:41.704Z,1899-12-31 03:10:00.0000000,190,DEL - MAA,false,false
6F158,IndiGo,CCU,MAA,2026-04-20T11:58:41.703Z,2026-04-20T16:04:41.703Z,1899-12-31 04:06:00.0000000,246,CCU - MAA,false,false
SJ074,SpiceJet,DEL,CCU,2026-04-20T11:21:41.701Z,2026-04-20T12:02:41.701Z,1899-12-31 00:41:00.0000000,41,DEL - CCU,false,false
6F234,IndiGo,BOM,DEL,2026-04-20T11:20:41.704Z,2026-04-20T14:11:41.704Z,1899-12-31 02:51:00.0000000,171,BOM - DEL,false,false
6F074,IndiGo,HYD,BOM,2026-04-20T11:09:41.702Z,2026-04-20T14:29:41.702Z,1899-12-31 03:20:00.0000000,200,HYD - BOM,false,false
UK034,Vistara,DEL,BLR,2026-04-20T06:47:41.701Z,2026-04-20T10:11:41.701Z,1899-12-31 03:24:00.0000000,204,DEL - BLR,false,false
UK177,Vistara,DEL,HYD,2026-04-20T06:21:41.703Z,2026-04-20T10:50:41.703Z,1899-12-31 04:29:00.0000000,269,DEL - HYD,false,false
UK116,Vistara,CCU,BOM,2026-04-20T03:18:41.702Z,2026-04-20T07:06:41.702Z,1899-12-31 03:48:00.0000000,228,CCU - BOM,false,false
6F166,IndiGo,BOM,CCU,2026-04-20T00:03:41.703Z,2026-04-20T04:33:41.703Z,1899-12-31 04:30:00.0000000,270,BOM - CCU,false,false
UK135,Vistara,HYD,DEL,2026-04-19T23:50:41.702Z,2026-04-20T01:43:41.702Z,1899-12-31 01:53:00.0000000,113,HYD - DEL,false,false
6F237,IndiGo,HYD,MAA,2026-04-19T21:41:41.704Z,2026-04-20T00:44:41.704Z,1899-12-31 03:03:00.0000000,183,HYD - MAA,false,false
SJ015,SpiceJet,BOM,CCU,2026-04-19T21:40:41.701Z,2026-04-19T22:52:41.701Z,1899-12-31 01:12:00.0000000,72,BOM - CCU,false,false
6F065,IndiGo,MAA,BLR,2026-04-19T19:40:41.701Z,2026-04-19T22:23:41.701Z,1899-12-31 02:43:00.0000000,163,MAA - BLR,false,false
UK047,Vistara,BLR,HYD,2026-04-19T18:40:41.701Z,2026-04-19T22:45:41.701Z,1899-12-31 04:05:00.0000000,245,BLR - HYD,false,false
AI149,Air India,BOM,HYD,2026-04-19T18:19:41.703Z,2026-04-19T21:36:41.703Z,1899-12-31 03:17:00.0000000,197,BOM - HYD,false,false
6F005,IndiGo,BOM,MAA,2026-04-19T11:04:41.701Z,2026-04-19T15:27:41.701Z,1899-12-31 04:23:00.0000000,263,BOM - MAA,false,false
6F098,IndiGo,BLR,MAA,2026-04-19T10:18:41.702Z,2026-04-19T12:49:41.702Z,1899-12-31 02:31:00.0000000,151,BLR - MAA,false,false
SJ073,SpiceJet,CCU,BLR,2026-04-19T09:26:41.701Z,2026-04-19T11:14:41.701Z,1899-12-31 01:48:00.0000000,108,CCU - BLR,false,false
AI032,Air India,MAA,BLR,2026-04-19T07:26:41.701Z,2026-04-19T09:26:42.000Z,1899-12-31 02:00:00.2990000,120,MAA - BLR,false,false
AI138,Air India,DEL,CCU,2026-04-19T05:50:41.702Z,2026-04-19T06:40:41.702Z,1899-12-31 00:50:00.0000000,50,DEL - CCU,false,false
SJ103,SpiceJet,MAA,BLR,2026-04-19T05:16:41.702Z,2026-04-19T08:56:41.702Z,1899-12-31 03:40:00.0000000,220,MAA - BLR,false,false
SJ174,SpiceJet,CCU,DEL,2026-04-19T04:09:41.703Z,2026-04-19T05:04:41.703Z,1899-12-31 00:55:00.0000000,55,CCU - DEL,false,false
UK218,Vistara,MAA,BLR,2026-04-19T03:12:41.704Z,2026-04-19T07:22:41.704Z,1899-12-31 04:10:00.0000000,250,MAA - BLR,false,false
UK037,Vistara,BLR,BOM,2026-04-19T01:10:41.701Z,2026-04-19T05:12:41.701Z,1899-12-31 04:02:00.0000000,242,BLR - BOM,false,false
UK196,Vistara,BOM,HYD,2026-04-19T00:32:41.703Z,2026-04-19T04:49:41.703Z,1899-12-31 04:17:00.0000000,257,BOM - HYD,false,false
SJ086,SpiceJet,CCU,DEL,2026-04-19T00:32:41.702Z,2026-04-19T04:17:41.702Z,1899-12-31 03:45:00.0000000,225,CCU - DEL,false,false
SJ210,SpiceJet,HYD,CCU,2026-04-18T23:21:41.703Z,2026-04-19T02:54:41.703Z,1899-12-31 03:33:00.0000000,213,HYD - CCU,false,false
SJ042,SpiceJet,HYD,CCU,2026-04-18T22:38:41.701Z,2026-04-19T02:20:41.701Z,1899-12-31 03:42:00.0000000,222,HYD - CCU,false,false
6F197,IndiGo,BOM,BLR,2026-04-18T17:59:41.703Z,2026-04-18T22:44:41.703Z,1899-12-31 04:45:00.0000000,285,BOM - BLR,false,false
UK127,Vistara,BOM,HYD,2026-04-18T15:56:41.702Z,2026-04-18T20:00:41.702Z,1899-12-31 04:04:00.0000000,244,BOM - HYD,false,false
6F192,IndiGo,CCU,BLR,2026-04-18T12:20:41.703Z,2026-04-18T16:45:41.703Z,1899-12-31 04:25:00.0000000,265,CCU - BLR,false,false
AI186,Air India,DEL,BOM,2026-04-18T11:11:41.703Z,2026-04-18T13:05:41.703Z,1899-12-31 01:54:00.0000000,114,DEL - BOM,false,false
AI099,Air India,BLR,BOM,2026-04-18T11:07:41.702Z,2026-04-18T13:29:41.702Z,1899-12-31 02:22:00.0000000,142,BLR - BOM,false,false
AI107,Air India,HYD,CCU,2026-04-18T10:03:41.702Z,2026-04-18T10:49:41.702Z,1899-12-31 00:46:00.0000000,46,HYD - CCU,false,false
AI191,Air India,BLR,MAA,2026-04-18T07:57:41.703Z,2026-04-18T11:58:41.703Z,1899-12-31 04:01:00.0000000,241,BLR - MAA,false,false
6F185,IndiGo,CCU,DEL,2026-04-18T07:49:41.703Z,2026-04-18T10:08:41.703Z,1899-12-31 02:19:00.0000000,139,CCU - DEL,false,false
UK011,Vistara,CCU,DEL,2026-04-18T04:41:41.701Z,2026-04-18T06:25:41.701Z,1899-12-31 01:44:00.0000000,104,CCU - DEL,false,false
SJ231,SpiceJet,DEL,BLR,2026-04-18T04:23:41.704Z,2026-04-18T05:48:41.704Z,1899-12-31 01:25:00.0000000,85,DEL - BLR,false,false
6F110,IndiGo,HYD,DEL,2026-04-18T02:27:41.702Z,2026-04-18T05:48:41.702Z,1899-12-31 03:21:00.0000000,201,HYD - DEL,false,false
UK103,Vistara,MAA,DEL,2026-04-17T21:52:41.702Z,2026-04-18T01:06:41.702Z,1899-12-31 03:14:00.0000000,194,MAA - DEL,false,false
AI081,Air India,CCU,BOM,2026-04-17T21:03:41.702Z,2026-04-17T22:51:41.702Z,1899-12-31 01:48:00.0000000,108,CCU - BOM,false,false
UK171,Vistara,HYD,CCU,2026-04-17T19:59:41.703Z,2026-04-17T22:53:41.703Z,1899-12-31 02:54:00.0000000,174,HYD - CCU,false,false
AI162,Air India,MAA,DEL,2026-04-17T19:20:41.703Z,2026-04-17T22:40:41.703Z,1899-12-31 03:20:00.0000000,200,MAA - DEL,false,false
AI118,Air India,HYD,MAA,2026-04-17T17:50:41.702Z,2026-04-17T19:59:41.702Z,1899-12-31 02:09:00.0000000,129,HYD - MAA,false,false
SJ055,SpiceJet,HYD,MAA,2026-04-17T14:17:41.701Z,2026-04-17T17:56:41.701Z,1899-12-31 03:39:00.0000000,219,HYD - MAA,false,false
AI160,Air India,MAA,DEL,2026-04-17T13:41:41.703Z,2026-04-17T17:01:41.703Z,1899-12-31 03:20:00.0000000,200,MAA - DEL,false,false
6F196,IndiGo,CCU,MAA,2026-04-20T23:04:41.703Z,2026-04-21T00:47:41.703Z,1899-12-31 01:43:00.0000000,103,CCU - MAA,false,false
6F025,IndiGo,BLR,BOM,2026-04-20T23:02:41.701Z,2026-04-20T23:57:41.701Z,1899-12-31 00:55:00.0000000,55,BLR - BOM,false,false
6F213,IndiGo,BLR,BOM,2026-04-20T21:05:41.703Z,2026-04-21T00:32:41.703Z,1899-12-31 03:27:00.0000000,207,BLR - BOM,false,false
6F270,Unknown,HYD,MAA,2026-04-20T18:14:41.701Z,2026-04-20T19:02:41.701Z,1899-12-31 00:48:00.0000000,48,HYD - MAA,false,false
AI056,Air India,DEL,MAA,2026-04-20T13:44:41.701Z,2026-04-20T17:39:41.701Z,1899-12-31 03:55:00.0000000,235,DEL - MAA,false,false
6F229,IndiGo,MAA,DEL,2026-04-20T13:10:41.704Z,2026-04-20T14:30:41.704Z,1899-12-31 01:20:00.0000000,80,MAA - DEL,false,false
SJ117,SpiceJet,MAA,BLR,2026-04-20T13:10:41.702Z,2026-04-20T17:06:41.702Z,1899-12-31 03:56:00.0000000,236,MAA - BLR,false,false
6F073,IndiGo,DEL,CCU,2026-04-20T11:38:41.702Z,2026-04-20T15:18:41.702Z,1899-12-31 03:40:00.0000000,220,DEL - CCU,false,false
UK120,Vistara,HYD,DEL,2026-04-20T09:19:41.702Z,2026-04-20T13:30:41.702Z,1899-12-31 04:11:00.0000000,251,HYD - DEL,false,false
AI084,Air India,BOM,HYD,2026-04-20T08:31:41.702Z,2026-04-20T09:46:41.702Z,1899-12-31 01:15:00.0000000,75,BOM - HYD,false,false
UK194,Vistara,CCU,BOM,2026-04-20T08:26:41.703Z,2026-04-20T09:26:42.000Z,1899-12-31 01:00:00.2970000,60,CCU - BOM,false,false
AI233,Air India,BLR,BOM,2026-04-20T08:04:41.704Z,2026-04-20T09:52:41.704Z,1899-12-31 01:48:00.0000000,108,BLR - BOM,false,false
AI163,Air India,HYD,MAA,2026-04-20T07:45:41.703Z,2026-04-20T08:46:41.703Z,1899-12-31 01:01:00.0000000,61,HYD - MAA,false,false
AI128,Unknown,BOM,CCU,2026-04-20T06:07:41.702Z,2026-04-20T10:03:41.702Z,1899-12-31 03:56:00.0000000,236,BOM - CCU,false,false
AI246,Air India,BOM,BLR,2026-04-20T03:22:41.704Z,2026-04-20T06:41:41.704Z,1899-12-31 03:19:00.0000000,199,BOM - BLR,false,false
6F143,IndiGo,CCU,DEL,2026-04-20T02:09:41.702Z,2026-04-20T06:08:41.702Z,1899-12-31 03:59:00.0000000,239,CCU - DEL,false,false
6F046,IndiGo,DEL,BLR,2026-04-20T01:27:41.701Z,2026-04-20T05:08:41.701Z,1899-12-31 03:41:00.0000000,221,DEL - BLR,false,false
UK223,Vistara,CCU,DEL,2026-04-19T21:58:41.704Z,2026-04-19T22:30:41.704Z,1899-12-31 00:32:00.0000000,32,CCU - DEL,false,false
AI139,Air India,HYD,MAA,2026-04-19T18:23:41.702Z,2026-04-19T19:24:41.702Z,1899-12-31 01:01:00.0000000,61,HYD - MAA,false,false
6F128,IndiGo,HYD,DEL,2026-04-19T16:56:41.702Z,2026-04-19T18:03:41.702Z,1899-12-31 01:07:00.0000000,67,HYD - DEL,false,false
SJ013,SpiceJet,DEL,MAA,2026-04-19T15:25:41.701Z,2026-04-19T19:54:41.701Z,1899-12-31 04:29:00.0000000,269,DEL - MAA,false,false
AI039,Air India,MAA,BLR,2026-04-19T15:24:41.701Z,2026-04-19T18:56:41.701Z,1899-12-31 03:32:00.0000000,212,MAA - BLR,false,false
SJ028,SpiceJet,CCU,BOM,2026-04-19T15:04:41.701Z,2026-04-19T19:32:41.701Z,1899-12-31 04:28:00.0000000,268,CCU - BOM,false,false
SJ131,SpiceJet,MAA,HYD,2026-04-19T15:00:41.702Z,2026-04-19T16:07:41.702Z,1899-12-31 01:07:00.0000000,67,MAA - HYD,false,false
AI036,Air India,BOM,CCU,2026-04-19T14:45:41.701Z,2026-04-19T16:16:41.701Z,1899-12-31 01:31:00.0000000,91,BOM - CCU,false,false
SJ063,SpiceJet,MAA,BOM,2026-04-19T13:38:41.701Z,2026-04-19T15:23:41.701Z,1899-12-31 01:45:00.0000000,105,MAA - BOM,false,false
AI003,Air India,BLR,HYD,2026-04-19T13:27:41.701Z,2026-04-19T16:55:41.701Z,1899-12-31 03:28:00.0000000,208,BLR - HYD,false,false
6F150,IndiGo,HYD,MAA,2026-04-19T12:55:41.703Z,2026-04-19T16:53:41.703Z,1899-12-31 03:58:00.0000000,238,HYD - MAA,false,false
UK225,Vistara,MAA,BLR,2026-04-19T12:46:41.704Z,2026-04-19T15:02:41.704Z,1899-12-31 02:16:00.0000000,136,MAA - BLR,false,false
6F132,IndiGo,MAA,BOM,2026-04-19T12:00:41.702Z,2026-04-19T13:00:42.000Z,1899-12-31 01:00:00.2980000,60,MAA - BOM,false,false
UK066,Vistara,BOM,CCU,2026-04-19T10:29:41.701Z,2026-04-19T12:07:41.701Z,1899-12-31 01:38:00.0000000,98,BOM - CCU,false,false
AI202,Air India,HYD,BLR,2026-04-19T08:44:41.703Z,2026-04-19T10:53:41.703Z,1899-12-31 02:09:00.0000000,129,HYD - BLR,false,false
6F061,IndiGo,MAA,BOM,2026-04-19T07:28:41.701Z,2026-04-19T08:09:41.701Z,1899-12-31 00:41:00.0000000,41,MAA - BOM,false,false
6F163,IndiGo,MAA,BOM,2026-04-19T06:49:41.703Z,2026-04-19T10:46:41.703Z,1899-12-31 03:57:00.0000000,237,MAA - BOM,false,false
SJ234,SpiceJet,BLR,CCU,2026-04-19T04:20:41.704Z,2026-04-19T06:23:41.704Z,1899-12-31 02:03:00.0000000,123,BLR - CCU,false,false
6F145,IndiGo,CCU,DEL,2026-04-19T01:02:41.703Z,2026-04-19T02:18:41.703Z,1899-12-31 01:16:00.0000000,76,CCU - DEL,false,false
UK013,Vistara,BOM,MAA,2026-04-18T23:52:41.701Z,2026-04-19T02:52:41.701Z,1899-12-31 03:00:00.0000000,180,BOM - MAA,false,false
AI251,Air India,MAA,DEL,2026-04-18T22:40:41.704Z,2026-04-18T23:24:41.704Z,1899-12-31 00:44:00.0000000,44,MAA - DEL,false,false
UK012,Vistara,MAA,BOM,2026-04-18T22:16:41.701Z,2026-04-19T00:25:41.701Z,1899-12-31 02:09:00.0000000,129,MAA - BOM,false,false
SJ046,SpiceJet,BOM,MAA,2026-04-18T22:01:41.701Z,2026-04-19T01:25:41.701Z,1899-12-31 03:24:00.0000000,204,BOM - MAA,false,false
SJ171,SpiceJet,DEL,HYD,2026-04-18T20:52:41.703Z,2026-04-18T23:52:41.703Z,1899-12-31 03:00:00.0000000,180,DEL - HYD,false,false
UK122,Vistara,HYD,CCU,2026-04-18T20:29:42.000Z,2026-04-18T23:29:42.000Z,1899-12-31 03:00:00.0000000,180,HYD - CCU,false,false
SJ054,SpiceJet,MAA,BLR,2026-04-18T18:13:41.701Z,2026-04-18T22:46:41.701Z,1899-12-31 04:33:00.0000000,273,MAA - BLR,false,false
UK112,Unknown,CCU,DEL,2026-04-18T17:05:41.702Z,2026-04-18T19:47:41.702Z,1899-12-31 02:42:00.0000000,162,CCU - DEL,false,false
6F103,IndiGo,CCU,MAA,2026-04-18T15:37:41.702Z,2026-04-18T18:32:41.702Z,1899-12-31 02:55:00.0000000,175,CCU - MAA,false,false
AI177,Air India,CCU,HYD,2026-04-18T14:11:41.703Z,2026-04-18T16:26:41.703Z,1899-12-31 02:15:00.0000000,135,CCU - HYD,false,false
AI041,Air India,BOM,BLR,2026-04-18T14:08:41.701Z,2026-04-18T15:59:41.701Z,1899-12-31 01:51:00.0000000,111,BOM - BLR,false,false
AI004,Air India,HYD,MAA,2026-04-18T13:58:41.701Z,2026-04-18T18:12:41.701Z,1899-12-31 04:14:00.0000000,254,HYD - MAA,false,false
AI228,Air India,BLR,BOM,2026-04-18T13:16:41.703Z,2026-04-18T17:44:41.703Z,1899-12-31 04:28:00.0000000,268,BLR - BOM,false,false
UK092,Vistara,MAA,BLR,2026-04-18T11:42:41.702Z,2026-04-18T13:17:41.702Z,1899-12-31 01:35:00.0000000,95,MAA - BLR,false,false
SJ219,SpiceJet,BOM,DEL,2026-04-18T09:32:41.703Z,2026-04-18T14:09:41.703Z,1899-12-31 04:37:00.0000000,277,BOM - DEL,false,false
SJ058,SpiceJet,DEL,HYD,2026-04-18T08:58:41.701Z,2026-04-18T13:14:41.701Z,1899-12-31 04:16:00.0000000,256,DEL - HYD,false,false
SJ113,SpiceJet,BLR,BOM,2026-04-18T08:10:41.702Z,2026-04-18T10:10:42.000Z,1899-12-31 02:00:00.2980000,120,BLR - BOM,false,false
6F081,IndiGo,MAA,BLR,2026-04-18T06:04:41.702Z,2026-04-18T07:43:41.702Z,1899-12-31 01:39:00.0000000,99,MAA - BLR,false,false
SJ190,SpiceJet,BOM,CCU,2026-04-18T04:57:41.703Z,2026-04-18T09:25:41.703Z,1899-12-31 04:28:00.0000000,268,BOM - CCU,false,false
6F100,IndiGo,BOM,BLR,2026-04-18T04:40:41.702Z,2026-04-18T07:49:41.702Z,1899-12-31 03:09:00.0000000,189,BOM - BLR,false,false
6F130,IndiGo,DEL,HYD,2026-04-18T01:27:41.702Z,2026-04-18T02:45:41.702Z,1899-12-31 01:18:00.0000000,78,DEL - HYD,false,false
AI144,Air India,MAA,BOM,2026-04-18T00:43:41.702Z,2026-04-18T03:36:41.702Z,1899-12-31 02:53:00.0000000,173,MAA - BOM,false,false
UK053,Vistara,BLR,BOM,2026-04-17T23:56:41.701Z,2026-04-18T02:46:41.701Z,1899-12-31 02:50:00.0000000,170,BLR - BOM,false,false
UK178,Vistara,DEL,BLR,2026-04-17T23:41:41.703Z,2026-04-18T04:09:41.703Z,1899-12-31 04:28:00.0000000,268,DEL - BLR,false,false
SJ124,SpiceJet,HYD,DEL,2026-04-17T21:05:41.702Z,2026-04-18T01:12:41.702Z,1899-12-31 04:07:00.0000000,247,HYD - DEL,false,false
UK014,Vistara,HYD,MAA,2026-04-17T20:41:41.701Z,2026-04-17T22:06:41.701Z,1899-12-31 01:25:00.0000000,85,HYD - MAA,false,false
SJ035,SpiceJet,CCU,DEL,2026-04-17T20:15:41.701Z,2026-04-17T21:15:42.000Z,1899-12-31 01:00:00.2990000,60,CCU - DEL,false,false
AI145,Unknown,DEL,BOM,2026-04-17T17:06:41.702Z,2026-04-17T21:31:41.702Z,1899-12-31 04:25:00.0000000,265,DEL - BOM,false,false
6F089,IndiGo,DEL,HYD,2026-04-17T17:06:41.702Z,2026-04-17T19:10:41.702Z,1899-12-31 02:04:00.0000000,124,DEL - HYD,false,false
UK148,Vistara,HYD,BOM,2026-04-17T16:31:41.703Z,2026-04-17T18:43:41.703Z,1899-12-31 02:12:00.0000000,132,HYD - BOM,false,false
6F248,IndiGo,DEL,HYD,2026-04-17T13:25:41.701Z,2026-04-17T17:36:41.701Z,1899-12-31 04:11:00.0000000,251,DEL - HYD,false,false
UK064,Vistara,BOM,DEL,2026-04-17T12:25:41.701Z,2026-04-17T14:55:41.701Z,1899-12-31 02:30:00.0000000,150,BOM - DEL,false,false
AI192,Air India,MAA,BOM,2026-04-20T23:05:41.703Z,2026-04-21T04:04:41.703Z,1899-12-31 04:59:00.0000000,299,MAA - BOM,false,false
SJ112,SpiceJet,HYD,DEL,2026-04-20T22:20:41.702Z,2026-04-21T00:40:41.702Z,1899-12-31 02:20:00.0000000,140,HYD - DEL,false,false
AI188,Air India,CCU,HYD,2026-04-20T20:16:41.703Z,2026-04-20T23:02:41.703Z,1899-12-31 02:46:00.0000000,166,CCU - HYD,false,false
6F184,IndiGo,MAA,BOM,2026-04-20T13:05:41.703Z,2026-04-20T16:04:41.703Z,1899-12-31 02:59:00.0000000,179,MAA - BOM,false,false
6F126,IndiGo,CCU,MAA,2026-04-20T08:21:41.702Z,2026-04-20T09:39:41.702Z,1899-12-31 01:18:00.0000000,78,CCU - MAA,false,false
6F083,IndiGo,BLR,DEL,2026-04-20T05:24:41.702Z,2026-04-20T06:03:41.702Z,1899-12-31 00:39:00.0000000,39,BLR - DEL,false,false
AI112,Air India,DEL,BLR,2026-04-20T04:41:41.702Z,2026-04-20T08:24:41.702Z,1899-12-31 03:43:00.0000000,223,DEL - BLR,false,false
AI103,Air India,BLR,BOM,2026-04-20T03:26:41.702Z,2026-04-20T04:04:41.702Z,1899-12-31 00:38:00.0000000,38,BLR - BOM,false,false
AI082,Air India,DEL,CCU,2026-04-20T03:19:41.702Z,2026-04-20T06:01:41.702Z,1899-12-31 02:42:00.0000000,162,DEL - CCU,false,false
6F179,IndiGo,HYD,MAA,2026-04-20T02:25:41.703Z,2026-04-20T06:40:41.703Z,1899-12-31 04:15:00.0000000,255,HYD - MAA,false,false
6F122,IndiGo,DEL,BLR,2026-04-20T01:44:41.702Z,2026-04-20T05:28:41.702Z,1899-12-31 03:44:00.0000000,224,DEL - BLR,false,false
SJ108,SpiceJet,BLR,HYD,2026-04-20T00:40:41.702Z,2026-04-20T03:16:41.702Z,1899-12-31 02:36:00.0000000,156,BLR - HYD,false,false
SJ029,Unknown,HYD,DEL,2026-04-19T22:55:41.701Z,2026-04-20T00:22:41.701Z,1899-12-31 01:27:00.0000000,87,HYD - DEL,false,false
6F078,IndiGo,BOM,CCU,2026-04-19T22:04:41.702Z,2026-04-19T23:37:41.702Z,1899-12-31 01:33:00.0000000,93,BOM - CCU,false,false
SJ206,SpiceJet,DEL,CCU,2026-04-19T20:43:41.703Z,2026-04-20T01:21:41.703Z,1899-12-31 04:38:00.0000000,278,DEL - CCU,false,false
SJ162,SpiceJet,DEL,HYD,2026-04-19T20:11:41.703Z,2026-04-19T22:30:41.703Z,1899-12-31 02:19:00.0000000,139,DEL - HYD,false,false
AI097,Air India,HYD,MAA,2026-04-19T18:42:41.702Z,2026-04-19T23:34:41.702Z,1899-12-31 04:52:00.0000000,292,HYD - MAA,false,false
UK183,Vistara,BLR,CCU,2026-04-19T17:07:41.703Z,2026-04-19T18:30:41.703Z,1899-12-31 01:23:00.0000000,83,BLR - CCU,false,false
SJ203,Unknown,DEL,HYD,2026-04-19T16:22:41.703Z,2026-04-19T18:27:41.703Z,1899-12-31 02:05:00.0000000,125,DEL - HYD,false,false
6F199,IndiGo,DEL,MAA,2026-04-19T15:15:41.703Z,2026-04-19T17:32:41.703Z,1899-12-31 02:17:00.0000000,137,DEL - MAA,false,false
SJ062,SpiceJet,BLR,HYD,2026-04-19T13:37:41.701Z,2026-04-19T17:06:41.701Z,1899-12-31 03:29:00.0000000,209,BLR - HYD,false,false
UK048,Vistara,MAA,DEL,2026-04-19T13:36:41.701Z,2026-04-19T18:21:41.701Z,1899-12-31 04:45:00.0000000,285,MAA - DEL,false,false
SJ148,SpiceJet,DEL,BLR,2026-04-19T09:51:41.702Z,2026-04-19T13:41:41.702Z,1899-12-31 03:50:00.0000000,230,DEL - BLR,false,false
UK028,Vistara,HYD,MAA,2026-04-19T09:02:41.701Z,2026-04-19T10:37:41.701Z,1899-12-31 01:35:00.0000000,95,HYD - MAA,false,false
SJ119,SpiceJet,BOM,CCU,2026-04-19T08:53:41.702Z,2026-04-19T11:29:41.702Z,1899-12-31 02:36:00.0000000,156,BOM - CCU,false,false
SJ067,SpiceJet,MAA,BLR,2026-04-19T07:17:41.701Z,2026-04-19T08:16:41.701Z,1899-12-31 00:59:00.0000000,59,MAA - BLR,false,false
AI148,Air India,HYD,MAA,2026-04-19T05:41:41.703Z,2026-04-19T08:32:41.703Z,1899-12-31 02:51:00.0000000,171,HYD - MAA,false,false
AI200,Air India,HYD,MAA,2026-04-19T02:05:41.703Z,2026-04-19T05:29:41.703Z,1899-12-31 03:24:00.0000000,204,HYD - MAA,false,false
UK069,Vistara,CCU,DEL,2026-04-19T01:10:41.701Z,2026-04-19T03:23:41.701Z,1899-12-31 02:13:00.0000000,133,CCU - DEL,false,false
6F233,IndiGo,BLR,BOM,2026-04-18T23:56:41.704Z,2026-04-19T03:53:41.704Z,1899-12-31 03:57:00.0000000,237,BLR - BOM,false,false
UK042,Vistara,MAA,BOM,2026-04-18T20:59:41.701Z,2026-04-19T01:38:41.701Z,1899-12-31 04:39:00.0000000,279,MAA - BOM,false,false
AI250,Unknown,BOM,CCU,2026-04-18T20:48:41.704Z,2026-04-19T00:12:41.704Z,1899-12-31 03:24:00.0000000,204,BOM - CCU,false,false
SJ105,SpiceJet,BOM,HYD,2026-04-18T19:22:41.702Z,2026-04-18T22:48:41.702Z,1899-12-31 03:26:00.0000000,206,BOM - HYD,false,false
6F037,IndiGo,BOM,MAA,2026-04-18T14:51:41.701Z,2026-04-18T17:23:41.701Z,1899-12-31 02:32:00.0000000,152,BOM - MAA,false,false
6F222,IndiGo,HYD,MAA,2026-04-18T14:01:41.704Z,2026-04-18T16:11:41.704Z,1899-12-31 02:10:00.0000000,130,HYD - MAA,false,false
SJ220,SpiceJet,BOM,CCU,2026-04-18T13:45:41.703Z,2026-04-18T15:21:41.703Z,1899-12-31 01:36:00.0000000,96,BOM - CCU,false,false
AI204,Air India,CCU,MAA,2026-04-18T13:40:41.703Z,2026-04-18T18:38:41.703Z,1899-12-31 04:58:00.0000000,298,CCU - MAA,false,false
UK192,Vistara,HYD,DEL,2026-04-18T12:54:41.703Z,2026-04-18T13:54:42.000Z,1899-12-31 01:00:00.2970000,60,HYD - DEL,false,false
AI215,Air India,BLR,DEL,2026-04-18T12:07:41.703Z,2026-04-18T13:43:41.703Z,1899-12-31 01:36:00.0000000,96,BLR - DEL,false,false
6F154,IndiGo,CCU,DEL,2026-04-18T11:26:41.703Z,2026-04-18T12:23:41.703Z,1899-12-31 00:57:00.0000000,57,CCU - DEL,false,false
AI127,Air India,DEL,HYD,2026-04-18T10:37:41.702Z,2026-04-18T13:45:41.702Z,1899-12-31 03:08:00.0000000,188,DEL - HYD,false,false
AI017,Air India,CCU,BOM,2026-04-18T05:15:41.701Z,2026-04-18T08:48:41.701Z,1899-12-31 03:33:00.0000000,213,CCU - BOM,false,false
AI194,Air India,MAA,BLR,2026-04-18T05:09:41.703Z,2026-04-18T09:38:41.703Z,1899-12-31 04:29:00.0000000,269,MAA - BLR,false,false
6F062,IndiGo,CCU,DEL,2026-04-18T04:55:41.701Z,2026-04-18T06:22:41.701Z,1899-12-31 01:27:00.0000000,87,CCU - DEL,false,false
6F265,Unknown,DEL,HYD,2026-04-18T02:27:41.703Z,2026-04-18T03:24:41.703Z,1899-12-31 00:57:00.0000000,57,DEL - HYD,false,false
SJ233,SpiceJet,DEL,HYD,2026-04-18T01:18:41.704Z,2026-04-18T02:56:41.704Z,1899-12-31 01:38:00.0000000,98,DEL - HYD,false,false
AI187,Air India,BLR,HYD,2026-04-17T23:32:41.703Z,2026-04-18T01:16:41.703Z,1899-12-31 01:44:00.0000000,104,BLR - HYD,false,false
UK169,Vistara,HYD,DEL,2026-04-17T18:12:41.703Z,2026-04-17T23:01:41.703Z,1899-12-31 04:49:00.0000000,289,HYD - DEL,false,false
AI126,Air India,MAA,HYD,2026-04-17T17:26:41.702Z,2026-04-17T20:48:41.702Z,1899-12-31 03:22:00.0000000,202,MAA - HYD,false,false
SJ180,SpiceJet,HYD,CCU,2026-04-17T17:12:41.703Z,2026-04-17T22:00:41.703Z,1899-12-31 04:48:00.0000000,288,HYD - CCU,false,false
AI239,Air India,BOM,HYD,2026-04-17T14:33:41.704Z,2026-04-17T17:47:41.704Z,1899-12-31 03:14:00.0000000,194,BOM - HYD,false,false
6F258,Unknown,BOM,DEL,2026-04-17T13:54:41.703Z,2026-04-17T16:49:41.703Z,1899-12-31 02:55:00.0000000,175,BOM - DEL,false,false
6F215,IndiGo,DEL,BLR,2026-04-17T13:00:41.703Z,2026-04-17T17:30:41.703Z,1899-12-31 04:30:00.0000000,270,DEL - BLR,false,false
